  0
SECTION
  2
HEADER
  9
$ACADVER
  1
AC1027
  9
$ACADMAINTVER
 70
   125
  9
$DWGCODEPAGE
  3
ANSI_1252
  9
$REQUIREDVERSIONS
160
                 0
  9
$INSBASE
 10
0.0
 20
0.0
 30
0.0
  9
$EXTMIN
 10
1.000000000000000E+20
 20
1.000000000000000E+20
 30
1.000000000000000E+20
  9
$EXTMAX
 10
-1.000000000000000E+20
 20
-1.000000000000000E+20
 30
-1.000000000000000E+20
  9
$LIMMIN
 10
0.0
 20
0.0
  9
$LIMMAX
 10
12.0
 20
9.0
  9
$ORTHOMODE
 70
     0
  9
$REGENMODE
 70
     1
  9
$FILLMODE
 70
     1
  9
$QTEXTMODE
 70
     0
  9
$MIRRTEXT
 70
     0
  9
$LTSCALE
 40
1.0
  9
$ATTMODE
 70
     1
  9
$TEXTSIZE
 40
0.2
  9
$TRACEWID
 40
0.05
  9
$TEXTSTYLE
  7
Standard
  9
$CLAYER
  8
0
  9
$CELTYPE
  6
ByLayer
  9
$CECOLOR
 62
   256
  9
$CELTSCALE
 40
1.0
  9
$DISPSILH
 70
     0
  9
$DIMSCALE
 40
1.0
  9
$DIMASZ
 40
0.18
  9
$DIMEXO
 40
0.0625
  9
$DIMDLI
 40
0.38
  9
$DIMRND
 40
0.0
  9
$DIMDLE
 40
0.0
  9
$DIMEXE
 40
0.18
  9
$DIMTP
 40
0.0
  9
$DIMTM
 40
0.0
  9
$DIMTXT
 40
0.18
  9
$DIMCEN
 40
0.09
  9
$DIMTSZ
 40
0.0
  9
$DIMTOL
 70
     0
  9
$DIMLIM
 70
     0
  9
$DIMTIH
 70
     1
  9
$DIMTOH
 70
     1
  9
$DIMSE1
 70
     0
  9
$DIMSE2
 70
     0
  9
$DIMTAD
 70
     0
  9
$DIMZIN
 70
     0
  9
$DIMBLK
  1

  9
$DIMASO
 70
     1
  9
$DIMSHO
 70
     1
  9
$DIMPOST
  1

  9
$DIMAPOST
  1

  9
$DIMALT
 70
     0
  9
$DIMALTD
 70
     2
  9
$DIMALTF
 40
25.4
  9
$DIMLFAC
 40
1.0
  9
$DIMTOFL
 70
     0
  9
$DIMTVP
 40
0.0
  9
$DIMTIX
 70
     0
  9
$DIMSOXD
 70
     0
  9
$DIMSAH
 70
     0
  9
$DIMBLK1
  1

  9
$DIMBLK2
  1

  9
$DIMSTYLE
  2
Standard
  9
$DIMCLRD
 70
     0
  9
$DIMCLRE
 70
     0
  9
$DIMCLRT
 70
     0
  9
$DIMTFAC
 40
1.0
  9
$DIMGAP
 40
0.09
  9
$DIMJUST
 70
     0
  9
$DIMSD1
 70
     0
  9
$DIMSD2
 70
     0
  9
$DIMTOLJ
 70
     1
  9
$DIMTZIN
 70
     0
  9
$DIMALTZ
 70
     0
  9
$DIMALTTZ
 70
     0
  9
$DIMUPT
 70
     0
  9
$DIMDEC
 70
     4
  9
$DIMTDEC
 70
     4
  9
$DIMALTU
 70
     2
  9
$DIMALTTD
 70
     2
  9
$DIMTXSTY
  7
Standard
  9
$DIMAUNIT
 70
     0
  9
$DIMADEC
 70
     0
  9
$DIMALTRND
 40
0.0
  9
$DIMAZIN
 70
     0
  9
$DIMDSEP
 70
    46
  9
$DIMATFIT
 70
     3
  9
$DIMFRAC
 70
     0
  9
$DIMLDRBLK
  1

  9
$DIMLUNIT
 70
     2
  9
$DIMLWD
 70
    -2
  9
$DIMLWE
 70
    -2
  9
$DIMTMOVE
 70
     0
  9
$DIMFXL
 40
1.0
  9
$DIMFXLON
 70
     0
  9
$DIMJOGANG
 40
0.7853981633974483
  9
$DIMTFILL
 70
     0
  9
$DIMTFILLCLR
 70
     0
  9
$DIMARCSYM
 70
     0
  9
$DIMLTYPE
  6

  9
$DIMLTEX1
  6

  9
$DIMLTEX2
  6

  9
$DIMTXTDIRECTION
 70
     0
  9
$LUNITS
 70
     2
  9
$LUPREC
 70
     4
  9
$SKETCHINC
 40
0.1
  9
$FILLETRAD
 40
0.0
  9
$AUNITS
 70
     0
  9
$AUPREC
 70
     0
  9
$MENU
  1
.
  9
$ELEVATION
 40
0.0
  9
$PELEVATION
 40
0.0
  9
$THICKNESS
 40
0.0
  9
$LIMCHECK
 70
     0
  9
$CHAMFERA
 40
0.0
  9
$CHAMFERB
 40
0.0
  9
$CHAMFERC
 40
0.0
  9
$CHAMFERD
 40
0.0
  9
$SKPOLY
 70
     0
  9
$TDCREATE
 40
2461145.257141204
  9
$TDUCREATE
 40
2461145.257141204
  9
$TDUPDATE
 40
2461145.257141204
  9
$TDUUPDATE
 40
2461145.257141204
  9
$TDINDWG
 40
0.0000000000
  9
$TDUSRTIMER
 40
0.0000000000
  9
$USRTIMER
 70
     1
  9
$ANGBASE
 50
0.0
  9
$ANGDIR
 70
     0
  9
$PDMODE
 70
     0
  9
$PDSIZE
 40
0.0
  9
$PLINEWID
 40
0.0
  9
$SPLFRAME
 70
     0
  9
$SPLINETYPE
 70
     6
  9
$SPLINESEGS
 70
     8
  9
$HANDSEED
  5
34E
  9
$SURFTAB1
 70
     6
  9
$SURFTAB2
 70
     6
  9
$SURFTYPE
 70
     6
  9
$SURFU
 70
     6
  9
$SURFV
 70
     6
  9
$UCSBASE
  2

  9
$UCSNAME
  2

  9
$UCSORG
 10
0.0
 20
0.0
 30
0.0
  9
$UCSXDIR
 10
1.0
 20
0.0
 30
0.0
  9
$UCSYDIR
 10
0.0
 20
1.0
 30
0.0
  9
$UCSORTHOREF
  2

  9
$UCSORTHOVIEW
 70
     0
  9
$UCSORGTOP
 10
0.0
 20
0.0
 30
0.0
  9
$UCSORGBOTTOM
 10
0.0
 20
0.0
 30
0.0
  9
$UCSORGLEFT
 10
0.0
 20
0.0
 30
0.0
  9
$UCSORGRIGHT
 10
0.0
 20
0.0
 30
0.0
  9
$UCSORGFRONT
 10
0.0
 20
0.0
 30
0.0
  9
$UCSORGBACK
 10
0.0
 20
0.0
 30
0.0
  9
$PUCSBASE
  2

  9
$PUCSNAME
  2

  9
$PUCSORG
 10
0.0
 20
0.0
 30
0.0
  9
$PUCSXDIR
 10
1.0
 20
0.0
 30
0.0
  9
$PUCSYDIR
 10
0.0
 20
1.0
 30
0.0
  9
$PUCSORTHOREF
  2

  9
$PUCSORTHOVIEW
 70
     0
  9
$PUCSORGTOP
 10
0.0
 20
0.0
 30
0.0
  9
$PUCSORGBOTTOM
 10
0.0
 20
0.0
 30
0.0
  9
$PUCSORGLEFT
 10
0.0
 20
0.0
 30
0.0
  9
$PUCSORGRIGHT
 10
0.0
 20
0.0
 30
0.0
  9
$PUCSORGFRONT
 10
0.0
 20
0.0
 30
0.0
  9
$PUCSORGBACK
 10
0.0
 20
0.0
 30
0.0
  9
$USERI1
 70
     0
  9
$USERI2
 70
     0
  9
$USERI3
 70
     0
  9
$USERI4
 70
     0
  9
$USERI5
 70
     0
  9
$USERR1
 40
0.0
  9
$USERR2
 40
0.0
  9
$USERR3
 40
0.0
  9
$USERR4
 40
0.0
  9
$USERR5
 40
0.0
  9
$WORLDVIEW
 70
     1
  9
$SHADEDGE
 70
     3
  9
$SHADEDIF
 70
    70
  9
$TILEMODE
 70
     1
  9
$MAXACTVP
 70
    64
  9
$PINSBASE
 10
0.0
 20
0.0
 30
0.0
  9
$PLIMCHECK
 70
     0
  9
$PEXTMIN
 10
1.000000000000000E+20
 20
1.000000000000000E+20
 30
1.000000000000000E+20
  9
$PEXTMAX
 10
-1.000000000000000E+20
 20
-1.000000000000000E+20
 30
-1.000000000000000E+20
  9
$PLIMMIN
 10
0.0
 20
0.0
  9
$PLIMMAX
 10
12.0
 20
9.0
  9
$UNITMODE
 70
     0
  9
$VISRETAIN
 70
     1
  9
$PLINEGEN
 70
     0
  9
$PSLTSCALE
 70
     1
  9
$TREEDEPTH
 70
  3020
  9
$CMLSTYLE
  2
Standard
  9
$CMLJUST
 70
     0
  9
$CMLSCALE
 40
1.0
  9
$PROXYGRAPHICS
 70
     1
  9
$MEASUREMENT
 70
     0
  9
$CELWEIGHT
370
    -1
  9
$ENDCAPS
280
     0
  9
$JOINSTYLE
280
     0
  9
$LWDISPLAY
290
     0
  9
$INSUNITS
 70
     4
  9
$HYPERLINKBASE
  1

  9
$STYLESHEET
  1

  9
$XEDIT
290
     1
  9
$CEPSNTYPE
380
     0
  9
$PSTYLEMODE
290
     1
  9
$FINGERPRINTGUID
  2
{D2296CCF-3B79-B54B-9E88-4DABC44ED12D}
  9
$VERSIONGUID
  2
{6BAB444B-CCA3-3D41-BB02-EFDE05BC8D90}
  9
$EXTNAMES
290
     1
  9
$PSVPSCALE
 40
0.0
  9
$OLESTARTUP
290
     0
  9
$SORTENTS
280
   127
  9
$INDEXCTL
280
     0
  9
$HIDETEXT
280
     1
  9
$XCLIPFRAME
280
     2
  9
$HALOGAP
280
     0
  9
$OBSCOLOR
 70
   257
  9
$OBSLTYPE
280
     0
  9
$INTERSECTIONDISPLAY
280
     0
  9
$INTERSECTIONCOLOR
 70
   257
  9
$DIMASSOC
280
     2
  9
$PROJECTNAME
  1

  9
$CAMERADISPLAY
290
     0
  9
$LENSLENGTH
 40
50.0
  9
$CAMERAHEIGHT
 40
0.0
  9
$STEPSPERSEC
 40
2.0
  9
$STEPSIZE
 40
6.0
  9
$3DDWFPREC
 40
2.0
  9
$PSOLWIDTH
 40
0.25
  9
$PSOLHEIGHT
 40
4.0
  9
$LOFTANG1
 40
1.570796326794896
  9
$LOFTANG2
 40
1.570796326794896
  9
$LOFTMAG1
 40
0.0
  9
$LOFTMAG2
 40
0.0
  9
$LOFTPARAM
 70
     7
  9
$LOFTNORMALS
280
     1
  9
$LATITUDE
 40
37.795
  9
$LONGITUDE
 40
-122.394
  9
$NORTHDIRECTION
 40
0.0
  9
$TIMEZONE
 70
 -8000
  9
$LIGHTGLYPHDISPLAY
280
     1
  9
$TILEMODELIGHTSYNCH
280
     1
  9
$CMATERIAL
347
11
  9
$SOLIDHIST
280
     0
  9
$SHOWHIST
280
     1
  9
$DWFFRAME
280
     2
  9
$DGNFRAME
280
     0
  9
$REALWORLDSCALE
290
     1
  9
$INTERFERECOLOR
 62
     1
  9
$INTERFEREOBJVS
345
33
  9
$INTERFEREVPVS
346
30
  9
$CSHADOW
280
     0
  9
$SHADOWPLANELOCATION
 40
0.0
  0
ENDSEC
  0
SECTION
  2
CLASSES
  0
CLASS
  1
ACDBDICTIONARYWDFLT
  2
AcDbDictionaryWithDefault
  3
ObjectDBX Classes
 90
        0
 91
        1
280
     0
281
     0
  0
CLASS
  1
MATERIAL
  2
AcDbMaterial
  3
ObjectDBX Classes
 90
     1153
 91
        3
280
     0
281
     0
  0
CLASS
  1
VISUALSTYLE
  2
AcDbVisualStyle
  3
ObjectDBX Classes
 90
     4095
 91
       24
280
     0
281
     0
  0
CLASS
  1
SCALE
  2
AcDbScale
  3
ObjectDBX Classes
 90
     1153
 91
       17
280
     0
281
     0
  0
CLASS
  1
TABLESTYLE
  2
AcDbTableStyle
  3
ObjectDBX Classes
 90
     4095
 91
        1
280
     0
281
     0
  0
CLASS
  1
MLEADERSTYLE
  2
AcDbMLeaderStyle
  3
ACDB_MLEADERSTYLE_CLASS
 90
     4095
 91
        1
280
     0
281
     0
  0
CLASS
  1
ACDBSECTIONVIEWSTYLE
  2
AcDbSectionViewStyle
  3
ObjectDBX Classes
 90
     1025
 91
        1
280
     0
281
     0
  0
CLASS
  1
ACDBDETAILVIEWSTYLE
  2
AcDbDetailViewStyle
  3
ObjectDBX Classes
 90
     1025
 91
        1
280
     0
281
     0
  0
CLASS
  1
DICTIONARYVAR
  2
AcDbDictionaryVar
  3
ObjectDBX Classes
 90
        0
 91
        5
280
     0
281
     0
  0
CLASS
  1
CELLSTYLEMAP
  2
AcDbCellStyleMap
  3
ObjectDBX Classes
 90
     1152
 91
        1
280
     0
281
     0
  0
ENDSEC
  0
SECTION
  2
TABLES
  0
TABLE
  2
VPORT
  5
8
330
0
100
AcDbSymbolTable
 70
     1
1001
ACAD
1000
DbSaveVer
1071
      471
  0
VPORT
  5
57
330
8
100
AcDbSymbolTableRecord
100
AcDbViewportTableRecord
  2
*Active
 70
     0
 10
0.0
 20
0.0
 11
1.0
 21
1.0
 12
500.0
 22
500.0
 13
0.0
 23
0.0
 14
1.0
 24
1.0
 15
0.0
 25
0.0
 16
0.0
 26
0.0
 36
1.0
 17
0.0
 27
0.0
 37
0.0
 40
12.0
 41
1.0
 42
50.0
 43
0.0
 44
0.0
 50
0.0
 51
0.0
 71
     0
 72
   100
 73
     1
 74
     1
 75
     0
 76
     0
 77
     0
 78
     0
281
     0
 65
     1
110
0.0
120
0.0
130
0.0
111
1.0
121
0.0
131
0.0
112
0.0
122
1.0
132
0.0
 79
     0
146
0.0
 60
     3
 61
     5
292
     1
282
     1
141
0.0
142
0.0
 63
   250
421
  3355443
  0
ENDTAB
  0
TABLE
  2
LTYPE
  5
5
330
0
100
AcDbSymbolTable
 70
     1
  0
LTYPE
  5
5B
330
5
100
AcDbSymbolTableRecord
100
AcDbLinetypeTableRecord
  2
ByBlock
 70
     0
  3

 72
    65
 73
     0
 40
0.0
  0
LTYPE
  5
5C
330
5
100
AcDbSymbolTableRecord
100
AcDbLinetypeTableRecord
  2
ByLayer
 70
     0
  3

 72
    65
 73
     0
 40
0.0
  0
LTYPE
  5
5D
330
5
100
AcDbSymbolTableRecord
100
AcDbLinetypeTableRecord
  2
Continuous
 70
     0
  3
Solid line
 72
    65
 73
     0
 40
0.0
  0
ENDTAB
  0
TABLE
  2
LAYER
  5
2
330
0
100
AcDbSymbolTable
 70
     2
  0
LAYER
  5
54
330
2
100
AcDbSymbolTableRecord
100
AcDbLayerTableRecord
  2
0
 70
     0
 62
     7
  6
Continuous
370
    -3
390
F
347
21
348
0
  0
LAYER
  5
7A
330
2
100
AcDbSymbolTableRecord
100
AcDbLayerTableRecord
  2
HADE Julie60 True EC split bs v1_julier2-ec plate v1_0
 70
     0
 62
     7
  6
Continuous
370
    -3
390
F
347
21
348
0
1001
NFusion_SketchTransform
1000
1.000000;0.000000;0.000000;0.000000;0.000000;1.000000;0.000000;0.000000;0.000000;0.000000;1.000000;0.000000;0.000000;0.000000;0.000000;1.000000
  0
ENDTAB
  0
TABLE
  2
STYLE
  5
3
330
0
100
AcDbSymbolTable
 70
     2
  0
STYLE
  5
55
330
3
100
AcDbSymbolTableRecord
100
AcDbTextStyleTableRecord
  2
Standard
 70
     0
 40
0.0
 41
1.0
 50
0.0
 71
     0
 42
0.2
  3
txt
  4

  0
STYLE
  5
5A
330
3
100
AcDbSymbolTableRecord
100
AcDbTextStyleTableRecord
  2
Annotative
 70
     0
 40
0.0
 41
1.0
 50
0.0
 71
     0
 42
0.2
  3
txt
  4

1001
AcadAnnotative
1000
AnnotativeData
1002
{
1070
     1
1070
     1
1002
}
  0
ENDTAB
  0
TABLE
  2
VIEW
  5
6
330
0
100
AcDbSymbolTable
 70
     0
  0
ENDTAB
  0
TABLE
  2
UCS
  5
7
330
0
100
AcDbSymbolTable
 70
     0
  0
ENDTAB
  0
TABLE
  2
APPID
  5
9
330
0
100
AcDbSymbolTable
 70
     4
  0
APPID
  5
56
330
9
100
AcDbSymbolTableRecord
100
AcDbRegAppTableRecord
  2
ACAD
 70
     0
  0
APPID
  5
5E
330
9
100
AcDbSymbolTableRecord
100
AcDbRegAppTableRecord
  2
AcadAnnotative
 70
     0
  0
APPID
  5
78
330
9
100
AcDbSymbolTableRecord
100
AcDbRegAppTableRecord
  2
EDIT_IN_FUSION_ACAD_ADDIN
 70
     0
  0
APPID
  5
79
330
9
100
AcDbSymbolTableRecord
100
AcDbRegAppTableRecord
  2
NFusion_SketchTransform
 70
     0
  0
ENDTAB
  0
TABLE
  2
DIMSTYLE
  5
A
330
0
100
AcDbSymbolTable
 70
     2
100
AcDbDimStyleTable
 71
     0
  0
DIMSTYLE
105
58
330
A
100
AcDbSymbolTableRecord
100
AcDbDimStyleTableRecord
  2
Standard
 70
     0
340
55
  0
DIMSTYLE
105
59
330
A
100
AcDbSymbolTableRecord
100
AcDbDimStyleTableRecord
  2
Annotative
 70
     0
340
55
1001
AcadAnnotative
1000
AnnotativeData
1002
{
1070
     1
1070
     1
1002
}
  0
ENDTAB
  0
TABLE
  2
BLOCK_RECORD
  5
1
330
0
100
AcDbSymbolTable
 70
     1
  0
BLOCK_RECORD
  5
70
330
1
100
AcDbSymbolTableRecord
100
AcDbBlockTableRecord
  2
*Model_Space
340
73
 70
     0
280
     1
281
     0
  0
BLOCK_RECORD
  5
6C
330
1
100
AcDbSymbolTableRecord
100
AcDbBlockTableRecord
  2
*Paper_Space
340
6F
 70
     0
280
     1
281
     0
  0
BLOCK_RECORD
  5
74
330
1
100
AcDbSymbolTableRecord
100
AcDbBlockTableRecord
  2
*Paper_Space0
340
77
 70
     0
280
     1
281
     0
  0
ENDTAB
  0
ENDSEC
  0
SECTION
  2
BLOCKS
  0
BLOCK
  5
71
330
70
100
AcDbEntity
  8
0
100
AcDbBlockBegin
  2
*Model_Space
 70
     0
 10
0.0
 20
0.0
 30
0.0
  3
*Model_Space
  1

  0
ENDBLK
  5
72
330
70
100
AcDbEntity
  8
0
100
AcDbBlockEnd
  0
BLOCK
  5
6D
330
6C
100
AcDbEntity
 67
     1
  8
0
100
AcDbBlockBegin
  2
*Paper_Space
 70
     0
 10
0.0
 20
0.0
 30
0.0
  3
*Paper_Space
  1

  0
ENDBLK
  5
6E
330
6C
100
AcDbEntity
 67
     1
  8
0
100
AcDbBlockEnd
  0
BLOCK
  5
75
330
74
100
AcDbEntity
 67
     1
  8
0
100
AcDbBlockBegin
  2
*Paper_Space0
 70
     0
 10
0.0
 20
0.0
 30
0.0
  3
*Paper_Space0
  1

  0
ENDBLK
  5
76
330
74
100
AcDbEntity
 67
     1
  8
0
100
AcDbBlockEnd
  0
ENDSEC
  0
SECTION
  2
ENTITIES
  0
LINE
  5
7B
330
70
100
AcDbEntity
  8
HADE Julie60 True EC split bs v1_julier2-ec plate v1_0
100
AcDbLine
 10
318.5199007803407
 20
-25.72009086621499
 30
0.0
 11
304.6857223576906
 21
-25.72009086621497
 31
0.0
  0
LINE
  5
7C
330
70
100
AcDbEntity
  8
HADE Julie60 True EC split bs v1_julier2-ec plate v1_0
100
AcDbLine
 10
298.155938971279
 20
-20.80226172929568
 30
0.0
 11
297.1252525336521
 21
-20.80226172929568
 31
0.0
  0
LINE
  5
7D
330
70
100
AcDbEntity
  8
HADE Julie60 True EC split bs v1_julier2-ec plate v1_0
100
AcDbLine
 10
291.9843660960249
 20
-126.9017566659074
 30
0.0
 11
292.970152533652
 21
-126.9017566659074
 31
0.0
  0
ARC
  5
7E
330
70
100
AcDbEntity
  8
HADE Julie60 True EC split bs v1_julier2-ec plate v1_0
100
AcDbCircle
 10
-304.7965547418761
 20
-22.78602325040109
 30
0.0
 40
2.999999999999527
210
0.0
220
0.0
230
-1.0
100
AcDbArc
 50
301.9793061976043
 51
314.9999999999991
  0
ARC
  5
7F
330
70
100
AcDbEntity
  8
HADE Julie60 True EC split bs v1_julier2-ec plate v1_0
100
AcDbCircle
 10
61.36964747026379
 20
-126.4017566659073
 30
0.0
 40
0.5000000000000071
100
AcDbArc
 50
179.9999999999984
 51
269.9999999999992
  0
ARC
  5
80
330
70
100
AcDbEntity
  8
HADE Julie60 True EC split bs v1_julier2-ec plate v1_0
100
AcDbCircle
 10
-167.6067826405537
 20
-125.0360274599283
 30
0.0
 40
2.999999999999918
210
0.0
220
0.0
230
-1.0
100
AcDbArc
 50
89.99999999999946
 51
135.0000000000013
  0
LINE
  5
81
330
70
100
AcDbEntity
  8
HADE Julie60 True EC split bs v1_julier2-ec plate v1_0
100
AcDbLine
 10
296.670152533652
 20
-123.4520091976014
 30
0.0
 11
296.670152533652
 21
-126.4017566659074
 31
0.0
  0
ARC
  5
82
330
70
100
AcDbEntity
  8
HADE Julie60 True EC split bs v1_julier2-ec plate v1_0
100
AcDbCircle
 10
318.5199007803407
 20
-120.0360246803875
 30
0.0
 40
1.999999999999904
100
AcDbArc
 50
270.0000000000033
 51
0.0000000000016284
  0
ARC
  5
83
330
70
100
AcDbEntity
  8
HADE Julie60 True EC split bs v1_julier2-ec plate v1_0
100
AcDbCircle
 10
292.9701525336522
 20
-21.30226172929571
 30
0.0
 40
0.5000000000000071
100
AcDbArc
 50
0.000000000003664
 51
90.00000000001303
  0
LINE
  5
84
330
70
100
AcDbEntity
  8
HADE Julie60 True EC split bs v1_julier2-ec plate v1_0
100
AcDbLine
 10
61.36964747026379
 20
-126.9017566659073
 30
0.0
 11
62.3554339078907
 21
-126.9017566659073
 31
0.0
  0
ARC
  5
85
330
70
100
AcDbEntity
  8
HADE Julie60 True EC split bs v1_julier2-ec plate v1_0
100
AcDbCircle
 10
179.3151525336519
 20
-126.4017566659073
 30
0.0
 40
0.5000000000000427
100
AcDbArc
 50
180.0000000000049
 51
269.9999999999902
  0
ARC
  5
86
330
70
100
AcDbEntity
  8
HADE Julie60 True EC split bs v1_julier2-ec plate v1_0
100
AcDbCircle
 10
174.1293660960249
 20
-125.9017566659073
 30
0.0
 40
1.000000000000085
100
AcDbArc
 50
225.000000000042
 51
269.9999999999984
  0
LINE
  5
87
330
70
100
AcDbEntity
  8
HADE Julie60 True EC split bs v1_julier2-ec plate v1_0
100
AcDbLine
 10
49.56427764622532
 20
-25.72009086621493
 30
0.0
 11
35.81989922357557
 21
-25.72009325040073
 31
0.0
  0
LINE
  5
88
330
70
100
AcDbEntity
  8
HADE Julie60 True EC split bs v1_julier2-ec plate v1_0
100
AcDbLine
 10
304.6785252062912
 20
-122.0360246803874
 30
0.0
 11
318.5199007803408
 21
-122.0360246803874
 31
0.0
  0
LINE
  5
89
330
70
100
AcDbEntity
  8
HADE Julie60 True EC split bs v1_julier2-ec plate v1_0
100
AcDbLine
 10
60.82474747026382
 20
-21.30226172929561
 30
0.0
 11
60.82474747026382
 21
-24.25200919760151
 31
0.0
  0
LINE
  5
8A
330
70
100
AcDbEntity
  8
HADE Julie60 True EC split bs v1_julier2-ec plate v1_0
100
AcDbLine
 10
33.81989922357559
 20
-27.72009086621491
 30
0.0
 11
33.81989922357559
 21
-119.9860205235536
 31
0.0
  0
ARC
  5
8B
330
70
100
AcDbEntity
  8
HADE Julie60 True EC split bs v1_julier2-ec plate v1_0
100
AcDbCircle
 10
297.1701525336521
 20
-126.4017566659074
 30
0.0
 40
0.5000000000001137
100
AcDbArc
 50
180.0
 51
270.0
  0
LINE
  5
8C
330
70
100
AcDbEntity
  8
HADE Julie60 True EC split bs v1_julier2-ec plate v1_0
100
AcDbLine
 10
72.29115004692656
 20
-122.0360274599282
 30
0.0
 11
167.6067826405536
 21
-122.0360274599284
 31
0.0
  0
ARC
  5
8D
330
70
100
AcDbEntity
  8
HADE Julie60 True EC split bs v1_julier2-ec plate v1_0
100
AcDbCircle
 10
-295.0701525336521
 20
-123.4520091976013
 30
0.0
 40
1.599999999999965
210
0.0
220
0.0
230
-1.0
100
AcDbArc
 50
359.9999999999964
 51
179.9999999999964
  0
ARC
  5
8E
330
70
100
AcDbEntity
  8
HADE Julie60 True EC split bs v1_julier2-ec plate v1_0
100
AcDbCircle
 10
298.1559389712793
 20
-21.80226172929581
 30
0.0
 40
1.000000000000173
100
AcDbArc
 50
44.99999999999568
 51
90.00000000001628
  0
ARC
  5
8F
330
70
100
AcDbEntity
  8
HADE Julie60 True EC split bs v1_julier2-ec plate v1_0
100
AcDbCircle
 10
-51.61127064079092
 20
-126.9860205235536
 30
0.0
 40
2.999999999999918
210
0.0
220
0.0
230
-1.0
100
AcDbArc
 50
90.0
 51
135.0000000000006
  0
ARC
  5
90
330
70
100
AcDbEntity
  8
HADE Julie60 True EC split bs v1_julier2-ec plate v1_0
100
AcDbCircle
 10
-59.26964747026378
 20
-123.4520091976013
 30
0.0
 40
1.600000000000001
210
0.0
220
0.0
230
-1.0
100
AcDbArc
 50
0.0
 51
180.0
  0
ARC
  5
91
330
70
100
AcDbEntity
  8
HADE Julie60 True EC split bs v1_julier2-ec plate v1_0
100
AcDbCircle
 10
227.5195000000001
 20
-105.445
 30
0.0
 40
0.5000000000000249
100
AcDbArc
 50
90.00000000000325
 51
179.9999999999967
  0
LINE
  5
92
330
70
100
AcDbEntity
  8
HADE Julie60 True EC split bs v1_julier2-ec plate v1_0
100
AcDbLine
 10
174.1293660960248
 20
-126.9017566659074
 30
0.0
 11
175.1151525336519
 21
-126.9017566659073
 31
0.0
  0
ARC
  5
93
330
70
100
AcDbEntity
  8
HADE Julie60 True EC split bs v1_julier2-ec plate v1_0
100
AcDbCircle
 10
-304.6857223576906
 20
-22.72009086621502
 30
0.0
 40
2.999999999999949
210
0.0
220
0.0
230
-1.0
100
AcDbArc
 50
270.0
 51
299.5161460212211
  0
ARC
  5
94
330
70
100
AcDbEntity
  8
HADE Julie60 True EC split bs v1_julier2-ec plate v1_0
100
AcDbCircle
 10
62.35543390789068
 20
-125.9017566659073
 30
0.0
 40
0.9999999999999964
100
AcDbArc
 50
270.0000000000008
 51
314.9999999999796
  0
ARC
  5
95
330
70
100
AcDbEntity
  8
HADE Julie60 True EC split bs v1_julier2-ec plate v1_0
100
AcDbCircle
 10
57.16964747026382
 20
-21.30226172929561
 30
0.0
 40
0.4999999999999805
100
AcDbArc
 50
0.0
 51
90.0
  0
LINE
  5
96
330
70
100
AcDbEntity
  8
HADE Julie60 True EC split bs v1_julier2-ec plate v1_0
100
AcDbLine
 10
287.5831029841135
 20
-122.9147071163688
 30
0.0
 11
291.2772593148391
 21
-126.6088634470944
 31
0.0
  0
LINE
  5
97
330
70
100
AcDbEntity
  8
HADE Julie60 True EC split bs v1_julier2-ec plate v1_0
100
AcDbLine
 10
62.35543390789072
 20
-20.80226172929561
 30
0.0
 11
61.32474747026382
 21
-20.80226172929561
 31
0.0
  0
ARC
  5
98
330
70
100
AcDbEntity
  8
HADE Julie60 True EC split bs v1_julier2-ec plate v1_0
100
AcDbCircle
 10
35.81989803148268
 20
-27.72009205830781
 30
0.0
 40
1.999998807907434
100
AcDbArc
 50
89.99996584903399
 51
179.9999658490336
  0
LINE
  5
99
330
70
100
AcDbEntity
  8
HADE Julie60 True EC split bs v1_julier2-ec plate v1_0
100
AcDbLine
 10
66.92802308659043
 20
-123.9860217366997
 30
0.0
 11
68.63633068708759
 21
-123.9860217366997
 31
0.0
  0
LINE
  5
9A
330
70
100
AcDbEntity
  8
HADE Julie60 True EC split bs v1_julier2-ec plate v1_0
100
AcDbLine
 10
213.2320000000001
 20
-80.845
 30
0.0
 11
226.8320000000001
 21
-80.84499999999998
 31
0.0
  0
ARC
  5
9B
330
70
100
AcDbEntity
  8
HADE Julie60 True EC split bs v1_julier2-ec plate v1_0
100
AcDbCircle
 10
291.9843660960253
 20
-125.9017566659073
 30
0.0
 40
1.000000000000123
100
AcDbArc
 50
225.0000000000386
 51
269.9999999999804
  0
ARC
  5
9C
330
70
100
AcDbEntity
  8
HADE Julie60 True EC split bs v1_julier2-ec plate v1_0
100
AcDbCircle
 10
297.1252525336521
 20
-21.30226172929564
 30
0.0
 40
0.4999999999999583
100
AcDbArc
 50
90.0
 51
180.0000000000049
  0
LINE
  5
9D
330
70
100
AcDbEntity
  8
HADE Julie60 True EC split bs v1_julier2-ec plate v1_0
100
AcDbLine
 10
169.7281029841133
 20
-122.9147071163688
 30
0.0
 11
173.4222593148388
 21
-126.6088634470944
 31
0.0
  0
LINE
  5
9E
330
70
100
AcDbEntity
  8
HADE Julie60 True EC split bs v1_julier2-ec plate v1_0
100
AcDbLine
 10
302.6752343983168
 20
-24.90734359396043
 30
0.0
 11
298.863045752466
 21
-21.09515494810919
 31
0.0
  0
LINE
  5
9F
330
70
100
AcDbEntity
  8
HADE Julie60 True EC split bs v1_julier2-ec plate v1_0
100
AcDbLine
 10
57.66964747026378
 20
-126.4017566659073
 30
0.0
 11
57.66964747026378
 21
-123.4520091976013
 31
0.0
  0
LINE
  5
A0
330
70
100
AcDbEntity
  8
HADE Julie60 True EC split bs v1_julier2-ec plate v1_0
100
AcDbLine
 10
63.06254068907698
 20
-126.6088634470941
 30
0.0
 11
64.80670274303078
 21
-124.86470139314
 31
0.0
  0
LINE
  5
A1
330
70
100
AcDbEntity
  8
HADE Julie60 True EC split bs v1_julier2-ec plate v1_0
100
AcDbLine
 10
186.8235224267502
 20
-122.0360274599284
 30
0.0
 11
285.4617826405537
 21
-122.0360274599284
 31
0.0
  0
LINE
  5
A2
330
70
100
AcDbEntity
  8
HADE Julie60 True EC split bs v1_julier2-ec plate v1_0
100
AcDbLine
 10
292.9701525336521
 20
-20.8022617292957
 30
0.0
 11
291.939466096025
 21
-20.80226172929569
 31
0.0
  0
ARC
  5
A3
330
70
100
AcDbEntity
  8
HADE Julie60 True EC split bs v1_julier2-ec plate v1_0
100
AcDbCircle
 10
260.857
 20
-61.295
 30
0.0
 40
0.4999999999999716
100
AcDbArc
 50
179.9999999999984
 51
270.0
  0
ARC
  5
A4
330
70
100
AcDbEntity
  8
HADE Julie60 True EC split bs v1_julier2-ec plate v1_0
100
AcDbCircle
 10
-285.3647827096133
 20
-22.72009086621494
 30
0.0
 40
3.000000000000075
210
0.0
220
0.0
230
-1.0
100
AcDbArc
 50
224.9999999999996
 51
270.0
  0
LINE
  5
A5
330
70
100
AcDbEntity
  8
HADE Julie60 True EC split bs v1_julier2-ec plate v1_0
100
AcDbLine
 10
285.3647827096133
 20
-25.72009086621497
 30
0.0
 11
248.6655874534934
 21
-25.72009086621497
 31
0.0
  0
LINE
  5
A6
330
70
100
AcDbEntity
  8
HADE Julie60 True EC split bs v1_julier2-ec plate v1_0
100
AcDbLine
 10
293.4701525336522
 20
-24.25200919760159
 30
0.0
 11
293.4701525336522
 21
-21.30226172929568
 31
0.0
  0
ARC
  5
A7
330
70
100
AcDbEntity
  8
HADE Julie60 True EC split bs v1_julier2-ec plate v1_0
100
AcDbCircle
 10
298.1559389712791
 20
-125.9017566659076
 30
0.0
 40
0.9999999999998188
100
AcDbArc
 50
269.9999999999968
 51
315.0000000000023
  0
ARC
  5
A8
330
70
100
AcDbEntity
  8
HADE Julie60 True EC split bs v1_julier2-ec plate v1_0
100
AcDbCircle
 10
-295.0252525336521
 20
-24.25200919760154
 30
0.0
 40
1.599999999999965
210
0.0
220
0.0
230
-1.0
100
AcDbArc
 50
180.0000000000016
 51
269.196042212244
  0
ARC
  5
A9
330
70
100
AcDbEntity
  8
HADE Julie60 True EC split bs v1_julier2-ec plate v1_0
100
AcDbCircle
 10
-177.2151525336519
 20
-123.4520091976013
 30
0.0
 40
1.599999999999965
210
0.0
220
0.0
230
-1.0
100
AcDbArc
 50
0.0
 51
180.0
  0
LINE
  5
AA
330
70
100
AcDbEntity
  8
HADE Julie60 True EC split bs v1_julier2-ec plate v1_0
100
AcDbLine
 10
179.3151525336518
 20
-126.9017566659073
 30
0.0
 11
180.3009389712789
 21
-126.9017566659073
 31
0.0
  0
LINE
  5
AB
330
70
100
AcDbEntity
  8
HADE Julie60 True EC split bs v1_julier2-ec plate v1_0
100
AcDbLine
 10
60.86964747026378
 20
-123.4520091976013
 30
0.0
 11
60.86964747026378
 21
-126.4017566659072
 31
0.0
  0
ARC
  5
AC
330
70
100
AcDbEntity
  8
HADE Julie60 True EC split bs v1_julier2-ec plate v1_0
100
AcDbCircle
 10
-285.4617826405538
 20
-125.0360274599284
 30
0.0
 40
2.999999999999989
210
0.0
220
0.0
230
-1.0
100
AcDbArc
 50
89.99999999999891
 51
135.0000000000003
  0
ARC
  5
AD
330
70
100
AcDbEntity
  8
HADE Julie60 True EC split bs v1_julier2-ec plate v1_0
100
AcDbCircle
 10
57.16964747026377
 20
-126.4017566659073
 30
0.0
 40
0.5000000000000071
100
AcDbArc
 50
270.0
 51
0.0
  0
ARC
  5
AE
330
70
100
AcDbEntity
  8
HADE Julie60 True EC split bs v1_julier2-ec plate v1_0
100
AcDbCircle
 10
-59.22474747026381
 20
-24.2520091976015
 30
0.0
 40
1.60000000000001
210
0.0
220
0.0
230
-1.0
100
AcDbArc
 50
180.0000000000005
 51
269.1960422122392
  0
LINE
  5
AF
330
70
100
AcDbEntity
  8
HADE Julie60 True EC split bs v1_julier2-ec plate v1_0
100
AcDbLine
 10
291.2323593148387
 20
-21.09515494810887
 30
0.0
 11
287.486103053173
 21
-24.84141120977463
 31
0.0
  0
LINE
  5
B0
330
70
100
AcDbEntity
  8
HADE Julie60 True EC split bs v1_julier2-ec plate v1_0
100
AcDbLine
 10
298.8630457524655
 20
-126.6088634470939
 30
0.0
 11
302.5572048627316
 21
-122.9147043368278
 31
0.0
  0
ARC
  5
B1
330
70
100
AcDbEntity
  8
HADE Julie60 True EC split bs v1_julier2-ec plate v1_0
100
AcDbCircle
 10
175.1151525336519
 20
-126.4017566659073
 30
0.0
 40
0.5000000000000249
100
AcDbArc
 50
270.0000000000033
 51
359.9999999999984
  0
ARC
  5
B2
330
70
100
AcDbEntity
  8
HADE Julie60 True EC split bs v1_julier2-ec plate v1_0
100
AcDbCircle
 10
318.5199007803405
 20
-27.720090866215
 30
0.0
 40
2.000000000000028
100
AcDbArc
 50
0.0000000000005089
 51
89.99999999999511
  0
LINE
  5
B3
330
70
100
AcDbEntity
  8
HADE Julie60 True EC split bs v1_julier2-ec plate v1_0
100
AcDbLine
 10
181.008045752466
 20
-126.6088634470943
 30
0.0
 11
184.7022020831902
 21
-122.914707116369
 31
0.0
  0
ARC
  5
B4
330
70
100
AcDbEntity
  8
HADE Julie60 True EC split bs v1_julier2-ec plate v1_0
100
AcDbCircle
 10
-295.0701525336521
 20
-24.25200919760167
 30
0.0
 40
1.599999999999927
210
0.0
220
0.0
230
-1.0
100
AcDbArc
 50
270.8039577877621
 51
0.0000000000026717
  0
LINE
  5
B5
330
70
100
AcDbEntity
  8
HADE Julie60 True EC split bs v1_julier2-ec plate v1_0
100
AcDbLine
 10
296.6252525336521
 20
-21.30226172929568
 30
0.0
 11
296.6252525336521
 21
-24.25200919760158
 31
0.0
  0
LINE
  5
B6
330
70
100
AcDbEntity
  8
HADE Julie60 True EC split bs v1_julier2-ec plate v1_0
100
AcDbLine
 10
293.4701525336521
 20
-126.4017566659074
 30
0.0
 11
293.4701525336521
 21
-123.4520091976014
 31
0.0
  0
LINE
  5
B7
330
70
100
AcDbEntity
  8
HADE Julie60 True EC split bs v1_julier2-ec plate v1_0
100
AcDbLine
 10
175.615152533652
 20
-126.4017566659073
 30
0.0
 11
175.615152533652
 21
-123.4520091976013
 31
0.0
  0
ARC
  5
B8
330
70
100
AcDbEntity
  8
HADE Julie60 True EC split bs v1_julier2-ec plate v1_0
100
AcDbCircle
 10
68.63633068708762
 20
-121.9860217366997
 30
0.0
 40
1.999999999999992
100
AcDbArc
 50
269.9999999999992
 51
326.1634577581834
  0
LINE
  5
B9
330
70
100
AcDbEntity
  8
HADE Julie60 True EC split bs v1_julier2-ec plate v1_0
100
AcDbLine
 10
56.18386103263687
 20
-126.9017566659072
 30
0.0
 11
57.16964747026378
 21
-126.9017566659073
 31
0.0
  0
LINE
  5
BA
330
70
100
AcDbEntity
  8
HADE Julie60 True EC split bs v1_julier2-ec plate v1_0
100
AcDbLine
 10
37.81989922357558
 20
-123.9860205235537
 30
0.0
 11
51.61127064079092
 21
-123.9860205235537
 31
0.0
  0
ARC
  5
BB
330
70
100
AcDbEntity
  8
HADE Julie60 True EC split bs v1_julier2-ec plate v1_0
100
AcDbCircle
 10
292.9701525336519
 20
-126.4017566659073
 30
0.0
 40
0.5000000000001137
100
AcDbArc
 50
270.000000000013
 51
359.9999999999853
  0
LINE
  5
BC
330
70
100
AcDbEntity
  8
HADE Julie60 True EC split bs v1_julier2-ec plate v1_0
100
AcDbLine
 10
320.5199007803405
 20
-120.0360246803874
 30
0.0
 11
320.5199007803405
 21
-27.72009086621499
 31
0.0
  0
ARC
  5
BD
330
70
100
AcDbEntity
  8
HADE Julie60 True EC split bs v1_julier2-ec plate v1_0
100
AcDbCircle
 10
-186.8235224267503
 20
-125.0360274599286
 30
0.0
 40
3.000000000000282
210
0.0
220
0.0
230
-1.0
100
AcDbArc
 50
44.9999999999929
 51
89.99999999999785
  0
ARC
  5
BE
330
70
100
AcDbEntity
  8
HADE Julie60 True EC split bs v1_julier2-ec plate v1_0
100
AcDbCircle
 10
-49.56427764622532
 20
-22.72009086621487
 30
0.0
 40
3.000000000000041
210
0.0
220
0.0
230
-1.0
100
AcDbArc
 50
225.0000000000005
 51
269.9999999999998
  0
LINE
  5
BF
330
70
100
AcDbEntity
  8
HADE Julie60 True EC split bs v1_julier2-ec plate v1_0
100
AcDbLine
 10
53.73259098435056
 20
-124.864700179994
 30
0.0
 11
55.47675425145039
 21
-126.6088634470942
 31
0.0
  0
LINE
  5
C0
330
70
100
AcDbEntity
  8
HADE Julie60 True EC split bs v1_julier2-ec plate v1_0
100
AcDbLine
 10
57.66964747026378
 20
-24.25200919760151
 30
0.0
 11
57.6696474702638
 21
-21.30226172929561
 31
0.0
  0
ARC
  5
C1
330
70
100
AcDbEntity
  8
HADE Julie60 True EC split bs v1_julier2-ec plate v1_0
100
AcDbCircle
 10
62.35543390789064
 20
-21.80226172929554
 30
0.0
 40
0.9999999999999353
100
AcDbArc
 50
44.99999999999424
 51
89.99999999999552
  0
LINE
  5
C2
330
70
100
AcDbEntity
  8
HADE Julie60 True EC split bs v1_julier2-ec plate v1_0
100
AcDbLine
 10
297.1701525336521
 20
-126.9017566659074
 30
0.0
 11
298.155938971279
 21
-126.9017566659074
 31
0.0
  0
ARC
  5
C3
330
70
100
AcDbEntity
  8
HADE Julie60 True EC split bs v1_julier2-ec plate v1_0
100
AcDbCircle
 10
37.81989922357562
 20
-119.9860205235536
 30
0.0
 40
4.00000000000003
100
AcDbArc
 50
180.0000000000002
 51
269.9999999999994
  0
LINE
  5
C4
330
70
100
AcDbEntity
  8
HADE Julie60 True EC split bs v1_julier2-ec plate v1_0
100
AcDbLine
 10
189.4195
 20
-118.945
 30
0.0
 11
203.0195
 21
-118.945
 31
0.0
  0
ARC
  5
C5
330
70
100
AcDbEntity
  8
HADE Julie60 True EC split bs v1_julier2-ec plate v1_0
100
AcDbCircle
 10
56.18386103263652
 20
-125.9017566659071
 30
0.0
 40
1.000000000000154
100
AcDbArc
 50
225.0000000000412
 51
270.0000000000196
  0
LINE
  5
C6
330
70
100
AcDbEntity
  8
HADE Julie60 True EC split bs v1_julier2-ec plate v1_0
100
AcDbLine
 10
178.8151525336519
 20
-123.4520091976013
 30
0.0
 11
178.8151525336519
 21
-126.4017566659073
 31
0.0
  0
ARC
  5
C7
330
70
100
AcDbEntity
  8
HADE Julie60 True EC split bs v1_julier2-ec plate v1_0
100
AcDbCircle
 10
291.939466096025
 20
-21.80226172929566
 30
0.0
 40
0.9999999999999653
100
AcDbArc
 50
90.0
 51
134.9999999999804
  0
ARC
  5
C8
330
70
100
AcDbEntity
  8
HADE Julie60 True EC split bs v1_julier2-ec plate v1_0
100
AcDbCircle
 10
-72.29115004692662
 20
-124.4360871003359
 30
0.0
 40
2.400059640407596
210
0.0
220
0.0
230
-1.0
100
AcDbArc
 50
33.83654224181404
 51
89.99999999999831
  0
LINE
  5
C9
330
70
100
AcDbEntity
  8
HADE Julie60 True EC split bs v1_julier2-ec plate v1_0
100
AcDbLine
 10
113.2195
 20
-42.19500000000004
 30
0.0
 11
113.2195
 21
-29.29500000000001
 31
0.0
  0
LINE
  5
CA
330
70
100
AcDbEntity
  8
HADE Julie60 True EC split bs v1_julier2-ec plate v1_0
100
AcDbLine
 10
312.557
 20
-28.74499999999997
 30
0.0
 11
298.957
 21
-28.74499999999997
 31
0.0
  0
ARC
  5
CB
330
70
100
AcDbEntity
  8
HADE Julie60 True EC split bs v1_julier2-ec plate v1_0
100
AcDbCircle
 10
108.4569999999999
 20
-48.29499999999995
 30
0.0
 40
0.499999999999945
100
AcDbArc
 50
89.99999999999023
 51
180.0000000000032
  0
ARC
  5
CC
330
70
100
AcDbEntity
  8
HADE Julie60 True EC split bs v1_julier2-ec plate v1_0
100
AcDbCircle
 10
122.0569990000001
 20
-61.29499900000006
 30
0.0
 40
0.5000010000009478
100
AcDbArc
 50
270.000114591323
 51
359.9998854086754
  0
ARC
  5
CD
330
70
100
AcDbEntity
  8
HADE Julie60 True EC split bs v1_julier2-ec plate v1_0
100
AcDbCircle
 10
103.0069990000001
 20
-48.29500099999997
 30
0.0
 40
0.5000010000009478
100
AcDbArc
 50
0.0001145913246687
 51
89.99988540867208
  0
ARC
  5
CE
330
70
100
AcDbEntity
  8
HADE Julie60 True EC split bs v1_julier2-ec plate v1_0
100
AcDbCircle
 10
61.32474747026382
 20
-21.3022617292956
 30
0.0
 40
0.4999999999999938
100
AcDbArc
 50
90.0
 51
180.0000000000004
  0
ARC
  5
CF
330
70
100
AcDbEntity
  8
HADE Julie60 True EC split bs v1_julier2-ec plate v1_0
100
AcDbCircle
 10
55.38199900000002
 20
-99.39499900000001
 30
0.0
 40
0.5000010000010366
100
AcDbArc
 50
270.0001145913311
 51
359.9998854086672
  0
LINE
  5
D0
330
70
100
AcDbEntity
  8
HADE Julie60 True EC split bs v1_julier2-ec plate v1_0
100
AcDbLine
 10
112.7195
 20
-105.445
 30
0.0
 11
112.7195
 21
-118.445
 31
0.0
  0
CIRCLE
  5
D1
330
70
100
AcDbEntity
  8
HADE Julie60 True EC split bs v1_julier2-ec plate v1_0
100
AcDbCircle
 10
105.732
 20
-35.74499999999999
 30
0.0
 40
1.0
  0
ARC
  5
D2
330
70
100
AcDbEntity
  8
HADE Julie60 True EC split bs v1_julier2-ec plate v1_0
100
AcDbCircle
 10
-68.88521729430244
 20
-22.72009086621492
 30
0.0
 40
3.00000000000002
210
0.0
220
0.0
230
-1.0
100
AcDbArc
 50
270.0
 51
299.5161460212356
  0
LINE
  5
D3
330
70
100
AcDbEntity
  8
HADE Julie60 True EC split bs v1_julier2-ec plate v1_0
100
AcDbLine
 10
245.882
 20
-66.84499999999998
 30
0.0
 11
232.282
 21
-66.84499999999998
 31
0.0
  0
ARC
  5
D4
330
70
100
AcDbEntity
  8
HADE Julie60 True EC split bs v1_julier2-ec plate v1_0
100
AcDbCircle
 10
283.981999
 20
-67.34500099999998
 30
0.0
 40
0.5000010000009834
100
AcDbArc
 50
0.000114591329554
 51
89.99988540867045
  0
ARC
  5
D5
330
70
100
AcDbEntity
  8
HADE Julie60 True EC split bs v1_julier2-ec plate v1_0
100
AcDbCircle
 10
-113.7195
 20
-42.19500000000009
 30
0.0
 40
0.4999999999999539
210
0.0
220
0.0
230
-1.0
100
AcDbArc
 50
269.9999999999951
 51
0.0000000000056996
  0
ARC
  5
D6
330
70
100
AcDbEntity
  8
HADE Julie60 True EC split bs v1_julier2-ec plate v1_0
100
AcDbCircle
 10
103.006999
 20
-42.24499899999992
 30
0.0
 40
0.5000010000010722
100
AcDbArc
 50
270.0001145913361
 51
359.9998854086591
  0
ARC
  5
D7
330
70
100
AcDbEntity
  8
HADE Julie60 True EC split bs v1_julier2-ec plate v1_0
100
AcDbCircle
 10
103.006999
 20
-42.24499899999992
 30
0.0
 40
0.5000010000010722
100
AcDbArc
 50
270.0001145913361
 51
359.9998854086591
  0
LINE
  5
D8
330
70
100
AcDbEntity
  8
HADE Julie60 True EC split bs v1_julier2-ec plate v1_0
100
AcDbLine
 10
183.9695
 20
-28.74499999999999
 30
0.0
 11
170.3695
 21
-28.74499999999999
 31
0.0
  0
ARC
  5
D9
330
70
100
AcDbEntity
  8
HADE Julie60 True EC split bs v1_julier2-ec plate v1_0
100
AcDbCircle
 10
122.056999
 20
-48.295001
 30
0.0
 40
0.5000010000010188
100
AcDbArc
 50
0.0001145913311825
 51
89.99988540867045
  0
LINE
  5
DA
330
70
100
AcDbEntity
  8
HADE Julie60 True EC split bs v1_julier2-ec plate v1_0
100
AcDbLine
 10
105.6742125504233
 20
-25.72009086621493
 30
0.0
 11
68.88521729430244
 21
-25.72009086621494
 31
0.0
  0
ARC
  5
DB
330
70
100
AcDbEntity
  8
HADE Julie60 True EC split bs v1_julier2-ec plate v1_0
100
AcDbCircle
 10
160.156999
 20
-61.29499899999999
 30
0.0
 40
0.5000010000010188
100
AcDbArc
 50
270.0001145913328
 51
359.9998854086688
  0
LINE
  5
DC
330
70
100
AcDbEntity
  8
HADE Julie60 True EC split bs v1_julier2-ec plate v1_0
100
AcDbLine
 10
188.9195
 20
-105.445
 30
0.0
 11
188.9195
 21
-118.445
 31
0.0
  0
LINE
  5
DD
330
70
100
AcDbEntity
  8
HADE Julie60 True EC split bs v1_julier2-ec plate v1_0
100
AcDbLine
 10
55.5695
 20
-105.445
 30
0.0
 11
55.56950000000004
 21
-118.445
 31
0.0
  0
LINE
  5
DE
330
70
100
AcDbEntity
  8
HADE Julie60 True EC split bs v1_julier2-ec plate v1_0
100
AcDbLine
 10
51.11950000000007
 20
-118.445
 30
0.0
 11
51.11950000000007
 21
-105.4449999999999
 31
0.0
  0
ARC
  5
DF
330
70
100
AcDbEntity
  8
HADE Julie60 True EC split bs v1_julier2-ec plate v1_0
100
AcDbCircle
 10
232.282
 20
-67.34499999999998
 30
0.0
 40
0.4999999999999983
100
AcDbArc
 50
90.0
 51
180.0
  0
ARC
  5
E0
330
70
100
AcDbEntity
  8
HADE Julie60 True EC split bs v1_julier2-ec plate v1_0
100
AcDbCircle
 10
37.0195
 20
-118.445
 30
0.0
 40
0.4999999999999716
100
AcDbArc
 50
179.9999999999984
 51
270.0000000000041
  0
LINE
  5
E1
330
70
100
AcDbEntity
  8
HADE Julie60 True EC split bs v1_julier2-ec plate v1_0
100
AcDbLine
 10
98.74450000000004
 20
-99.39500000000002
 30
0.0
 11
98.74450000000004
 21
-86.39500000000003
 31
0.0
  0
CIRCLE
  5
E2
330
70
100
AcDbEntity
  8
HADE Julie60 True EC split bs v1_julier2-ec plate v1_0
100
AcDbCircle
 10
105.732
 20
-35.74499999999999
 30
0.0
 40
1.0
  0
LINE
  5
E3
330
70
100
AcDbEntity
  8
HADE Julie60 True EC split bs v1_julier2-ec plate v1_0
100
AcDbLine
 10
103.1945
 20
-86.39499999999998
 30
0.0
 11
103.1945
 21
-99.39500000000002
 31
0.0
  0
LINE
  5
E4
330
70
100
AcDbEntity
  8
HADE Julie60 True EC split bs v1_julier2-ec plate v1_0
100
AcDbLine
 10
66.87472933492857
 20
-24.90734359396037
 30
0.0
 11
63.06254068907721
 21
-21.09515494810911
 31
0.0
  0
ARC
  5
E5
330
70
100
AcDbEntity
  8
HADE Julie60 True EC split bs v1_julier2-ec plate v1_0
100
AcDbCircle
 10
-68.99604967848799
 20
-22.786023250401
 30
0.0
 40
2.999999999999645
210
0.0
220
0.0
230
-1.0
100
AcDbArc
 50
301.9793061976204
 51
315.0000000000007
  0
LINE
  5
E6
330
70
100
AcDbEntity
  8
HADE Julie60 True EC split bs v1_julier2-ec plate v1_0
100
AcDbLine
 10
248.6655874534934
 20
-25.72009086621497
 30
0.0
 11
105.6742125504233
 21
-25.72009086621493
 31
0.0
  0
LINE
  5
E7
330
70
100
AcDbEntity
  8
HADE Julie60 True EC split bs v1_julier2-ec plate v1_0
100
AcDbLine
 10
55.43185425145033
 20
-21.0951549481091
 30
0.0
 11
51.68559798978496
 21
-24.84141120977456
 31
0.0
  0
ARC
  5
E8
330
70
100
AcDbEntity
  8
HADE Julie60 True EC split bs v1_julier2-ec plate v1_0
100
AcDbCircle
 10
75.11950000000002
 20
-118.445
 30
0.0
 40
0.5000000000000071
100
AcDbArc
 50
180.0
 51
270.0
  0
LINE
  5
E9
330
70
100
AcDbEntity
  8
HADE Julie60 True EC split bs v1_julier2-ec plate v1_0
100
AcDbLine
 10
113.2195
 20
-42.19500000000004
 30
0.0
 11
113.2195
 21
-29.29500000000001
 31
0.0
  0
ARC
  5
EA
330
70
100
AcDbEntity
  8
HADE Julie60 True EC split bs v1_julier2-ec plate v1_0
100
AcDbCircle
 10
-304.6785252062912
 20
-125.0360246803873
 30
0.0
 40
2.999999999999868
210
0.0
220
0.0
230
-1.0
100
AcDbArc
 50
44.99999999999846
 51
90.0
  0
LINE
  5
EB
330
70
100
AcDbEntity
  8
HADE Julie60 True EC split bs v1_julier2-ec plate v1_0
100
AcDbLine
 10
203.5195
 20
-118.445
 30
0.0
 11
203.5195
 21
-105.445
 31
0.0
  0
ARC
  5
EC
330
70
100
AcDbEntity
  8
HADE Julie60 True EC split bs v1_julier2-ec plate v1_0
100
AcDbCircle
 10
103.0069990000001
 20
-29.24500100000001
 30
0.0
 40
0.5000010000010188
100
AcDbArc
 50
0.0001145913291469
 51
89.9998854086737
  0
ARC
  5
ED
330
70
100
AcDbEntity
  8
HADE Julie60 True EC split bs v1_julier2-ec plate v1_0
100
AcDbCircle
 10
56.06950000000001
 20
-118.445
 30
0.0
 40
0.4999999999999716
100
AcDbArc
 50
180.0
 51
270.0000000000041
  0
LINE
  5
EE
330
70
100
AcDbEntity
  8
HADE Julie60 True EC split bs v1_julier2-ec plate v1_0
100
AcDbLine
 10
314.61325
 20
-49.55199999999997
 30
0.0
 11
311.61325
 21
-47.81999999999998
 31
0.0
  0
LINE
  5
EF
330
70
100
AcDbEntity
  8
HADE Julie60 True EC split bs v1_julier2-ec plate v1_0
100
AcDbLine
 10
57.16964747026382
 20
-20.80226172929561
 30
0.0
 11
56.13896103263691
 21
-20.80226172929561
 31
0.0
  0
CIRCLE
  5
F0
330
70
100
AcDbEntity
  8
HADE Julie60 True EC split bs v1_julier2-ec plate v1_0
100
AcDbCircle
 10
277.182
 20
-54.79499999999998
 30
0.0
 40
1.0
  0
ARC
  5
F1
330
70
100
AcDbEntity
  8
HADE Julie60 True EC split bs v1_julier2-ec plate v1_0
100
AcDbCircle
 10
-113.7195
 20
-29.29499999999999
 30
0.0
 40
0.4999999999999894
210
0.0
220
0.0
230
-1.0
100
AcDbArc
 50
359.999999999998
 51
90.0
  0
ARC
  5
F2
330
70
100
AcDbEntity
  8
HADE Julie60 True EC split bs v1_julier2-ec plate v1_0
100
AcDbCircle
 10
-113.7195
 20
-42.19500000000009
 30
0.0
 40
0.4999999999999539
210
0.0
220
0.0
230
-1.0
100
AcDbArc
 50
269.9999999999951
 51
0.0000000000056996
  0
ARC
  5
F3
330
70
100
AcDbEntity
  8
HADE Julie60 True EC split bs v1_julier2-ec plate v1_0
100
AcDbCircle
 10
255.406999
 20
-61.29499899999999
 30
0.0
 40
0.5000010000010011
100
AcDbArc
 50
270.0001145913295
 51
359.9998854086688
  0
ARC
  5
F4
330
70
100
AcDbEntity
  8
HADE Julie60 True EC split bs v1_julier2-ec plate v1_0
100
AcDbCircle
 10
217.9945
 20
-99.39500000000002
 30
0.0
 40
0.4999999999999716
100
AcDbArc
 50
179.9999999999951
 51
270.0000000000033
  0
LINE
  5
F5
330
70
100
AcDbEntity
  8
HADE Julie60 True EC split bs v1_julier2-ec plate v1_0
100
AcDbLine
 10
122.057
 20
-47.79500000000001
 30
0.0
 11
108.457
 21
-47.79500000000001
 31
0.0
  0
LINE
  5
F6
330
70
100
AcDbEntity
  8
HADE Julie60 True EC split bs v1_julier2-ec plate v1_0
100
AcDbLine
 10
103.5070000000001
 20
-42.24500000000002
 30
0.0
 11
103.5070000000001
 21
-29.24500000000002
 31
0.0
  0
LINE
  5
F7
330
70
100
AcDbEntity
  8
HADE Julie60 True EC split bs v1_julier2-ec plate v1_0
100
AcDbLine
 10
88.71950000000003
 20
-104.945
 30
0.0
 11
75.11950000000003
 21
-104.945
 31
0.0
  0
LINE
  5
F8
330
70
100
AcDbEntity
  8
HADE Julie60 True EC split bs v1_julier2-ec plate v1_0
100
AcDbLine
 10
93.66950000000006
 20
-105.445
 30
0.0
 11
93.6695
 21
-118.445
 31
0.0
  0
ARC
  5
F9
330
70
100
AcDbEntity
  8
HADE Julie60 True EC split bs v1_julier2-ec plate v1_0
100
AcDbCircle
 10
103.0069990000001
 20
-29.24500100000001
 30
0.0
 40
0.5000010000010188
100
AcDbArc
 50
0.0001145913291469
 51
89.9998854086737
  0
ARC
  5
FA
330
70
100
AcDbEntity
  8
HADE Julie60 True EC split bs v1_julier2-ec plate v1_0
100
AcDbCircle
 10
50.61949900000001
 20
-105.445001
 30
0.0
 40
0.5000010000010544
100
AcDbArc
 50
0.0001145913328109
 51
89.99988540866475
  0
ARC
  5
FB
330
70
100
AcDbEntity
  8
HADE Julie60 True EC split bs v1_julier2-ec plate v1_0
100
AcDbCircle
 10
69.66949900000003
 20
-118.4449989999999
 30
0.0
 40
0.5000010000010366
100
AcDbArc
 50
270.0001145913311
 51
359.9998854086656
  0
ARC
  5
FC
330
70
100
AcDbEntity
  8
HADE Julie60 True EC split bs v1_julier2-ec plate v1_0
100
AcDbCircle
 10
127.507
 20
-61.295
 30
0.0
 40
0.5000000000000071
100
AcDbArc
 50
180.0
 51
270.0
  0
ARC
  5
FD
330
70
100
AcDbEntity
  8
HADE Julie60 True EC split bs v1_julier2-ec plate v1_0
100
AcDbCircle
 10
-66.92802308659043
 20
-126.9860217366997
 30
0.0
 40
3.000000000000037
210
0.0
220
0.0
230
-1.0
100
AcDbArc
 50
45.00000000000057
 51
90.0
  0
ARC
  5
FE
330
70
100
AcDbEntity
  8
HADE Julie60 True EC split bs v1_julier2-ec plate v1_0
100
AcDbCircle
 10
112.531999
 20
-67.34500100000005
 30
0.0
 40
0.5000010000010544
100
AcDbArc
 50
0.0001145913360678
 51
89.99988540866395
  0
LINE
  5
FF
330
70
100
AcDbEntity
  8
HADE Julie60 True EC split bs v1_julier2-ec plate v1_0
100
AcDbLine
 10
160.8445
 20
-99.89499999999999
 30
0.0
 11
174.4445
 21
-99.89499999999999
 31
0.0
  0
LINE
  5
100
330
70
100
AcDbEntity
  8
HADE Julie60 True EC split bs v1_julier2-ec plate v1_0
100
AcDbLine
 10
179.207
 20
-47.795
 30
0.0
 11
165.607
 21
-47.795
 31
0.0
  0
ARC
  5
101
330
70
100
AcDbEntity
  8
HADE Julie60 True EC split bs v1_julier2-ec plate v1_0
100
AcDbCircle
 10
240.6260990000001
 20
-42.19499899999997
 30
0.0
 40
0.5000010000010011
100
AcDbArc
 50
270.0001145913263
 51
359.9998854086713
  0
ARC
  5
102
330
70
100
AcDbEntity
  8
HADE Julie60 True EC split bs v1_julier2-ec plate v1_0
100
AcDbCircle
 10
-113.7195
 20
-29.29499999999999
 30
0.0
 40
0.4999999999999894
210
0.0
220
0.0
230
-1.0
100
AcDbArc
 50
359.999999999998
 51
90.0
  0
ARC
  5
103
330
70
100
AcDbEntity
  8
HADE Julie60 True EC split bs v1_julier2-ec plate v1_0
100
AcDbCircle
 10
56.13896103263692
 20
-21.80226172929561
 30
0.0
 40
1.0
100
AcDbArc
 50
90.0000000000004
 51
135.0000000000033
  0
LINE
  5
104
330
70
100
AcDbEntity
  8
HADE Julie60 True EC split bs v1_julier2-ec plate v1_0
100
AcDbLine
 10
103.5070000000001
 20
-42.24500000000002
 30
0.0
 11
103.5070000000001
 21
-29.24500000000002
 31
0.0
  0
ARC
  5
105
330
70
100
AcDbEntity
  8
HADE Julie60 True EC split bs v1_julier2-ec plate v1_0
100
AcDbCircle
 10
-59.26964747026381
 20
-24.2520091976015
 30
0.0
 40
1.60000000000002
210
0.0
220
0.0
230
-1.0
100
AcDbArc
 50
270.8039577877601
 51
359.9999999999995
  0
ARC
  5
106
330
70
100
AcDbEntity
  8
HADE Julie60 True EC split bs v1_julier2-ec plate v1_0
100
AcDbCircle
 10
141.1069990000001
 20
-61.29499900000002
 30
0.0
 40
0.5000010000009655
100
AcDbArc
 50
270.000114591323
 51
359.9998854086754
  0
ARC
  5
107
330
70
100
AcDbEntity
  8
HADE Julie60 True EC split bs v1_julier2-ec plate v1_0
100
AcDbCircle
 10
103.006999
 20
-61.29499900000002
 30
0.0
 40
0.5000010000009655
100
AcDbArc
 50
270.0001145913311
 51
359.9998854086729
  0
ARC
  5
108
330
70
100
AcDbEntity
  8
HADE Julie60 True EC split bs v1_julier2-ec plate v1_0
100
AcDbCircle
 10
180.3009389712798
 20
-125.9017566659069
 30
0.0
 40
1.000000000000387
100
AcDbArc
 50
269.9999999999495
 51
314.999999999951
  0
LINE
  5
109
330
70
100
AcDbEntity
  8
HADE Julie60 True EC split bs v1_julier2-ec plate v1_0
100
AcDbLine
 10
74.61950000000003
 20
-105.445
 30
0.0
 11
74.61950000000001
 21
-118.445
 31
0.0
  0
LINE
  5
10A
330
70
100
AcDbEntity
  8
HADE Julie60 True EC split bs v1_julier2-ec plate v1_0
100
AcDbLine
 10
70.16950000000007
 20
-118.445
 30
0.0
 11
70.16950000000005
 21
-105.445
 31
0.0
  0
LINE
  5
10B
330
70
100
AcDbEntity
  8
HADE Julie60 True EC split bs v1_julier2-ec plate v1_0
100
AcDbLine
 10
222.757
 20
-61.79499999999997
 30
0.0
 11
236.3570000000001
 21
-61.79499999999997
 31
0.0
  0
LINE
  5
10C
330
70
100
AcDbEntity
  8
HADE Julie60 True EC split bs v1_julier2-ec plate v1_0
100
AcDbLine
 10
313.0570000000001
 20
-42.24499999999998
 30
0.0
 11
313.057
 21
-29.245
 31
0.0
  0
ARC
  5
10D
330
70
100
AcDbEntity
  8
HADE Julie60 True EC split bs v1_julier2-ec plate v1_0
100
AcDbCircle
 10
222.757
 20
-61.295
 30
0.0
 40
0.4999999999999716
100
AcDbArc
 50
179.9999999999984
 51
270.0
  0
ARC
  5
10E
330
70
100
AcDbEntity
  8
HADE Julie60 True EC split bs v1_julier2-ec plate v1_0
100
AcDbCircle
 10
241.807
 20
-61.295
 30
0.0
 40
0.4999999999999361
100
AcDbArc
 50
179.9999999999984
 51
270.0
  0
ARC
  5
10F
330
70
100
AcDbEntity
  8
HADE Julie60 True EC split bs v1_julier2-ec plate v1_0
100
AcDbCircle
 10
160.156999
 20
-48.295001
 30
0.0
 40
0.5000010000009834
100
AcDbArc
 50
0.0001145913336251
 51
89.9998854086737
  0
LINE
  5
110
330
70
100
AcDbEntity
  8
HADE Julie60 True EC split bs v1_julier2-ec plate v1_0
100
AcDbLine
 10
127.507
 20
-61.795
 30
0.0
 11
141.107
 21
-61.79499999999999
 31
0.0
  0
CIRCLE
  5
111
330
70
100
AcDbEntity
  8
HADE Julie60 True EC split bs v1_julier2-ec plate v1_0
100
AcDbCircle
 10
220.0320000000001
 20
-54.79500000000001
 30
0.0
 40
1.0
  0
ARC
  5
112
330
70
100
AcDbEntity
  8
HADE Julie60 True EC split bs v1_julier2-ec plate v1_0
100
AcDbCircle
 10
69.66949900000003
 20
-105.445001
 30
0.0
 40
0.5000010000010188
100
AcDbArc
 50
0.0001145913311825
 51
89.99988540866883
  0
LINE
  5
113
330
70
100
AcDbEntity
  8
HADE Julie60 True EC split bs v1_julier2-ec plate v1_0
100
AcDbLine
 10
237.0445000000001
 20
-99.89499999999999
 30
0.0
 11
250.6445000000001
 21
-99.89499999999999
 31
0.0
  0
LINE
  5
114
330
70
100
AcDbEntity
  8
HADE Julie60 True EC split bs v1_julier2-ec plate v1_0
100
AcDbLine
 10
208.4695000000001
 20
-118.945
 30
0.0
 11
222.0695
 21
-118.945
 31
0.0
  0
ARC
  5
115
330
70
100
AcDbEntity
  8
HADE Julie60 True EC split bs v1_julier2-ec plate v1_0
100
AcDbCircle
 10
251.332
 20
-42.24499999999999
 30
0.0
 40
0.4999999999999361
100
AcDbArc
 50
180.0000000000008
 51
270.0000000000065
  0
CIRCLE
  5
116
330
70
100
AcDbEntity
  8
HADE Julie60 True EC split bs v1_julier2-ec plate v1_0
100
AcDbCircle
 10
315.01325
 20
-47.59499999999999
 30
0.0
 40
1.0
  0
LINE
  5
117
330
70
100
AcDbEntity
  8
HADE Julie60 True EC split bs v1_julier2-ec plate v1_0
100
AcDbLine
 10
250.8320000000001
 20
-29.24499999999998
 30
0.0
 11
250.8320000000001
 21
-42.24499999999999
 31
0.0
  0
LINE
  5
118
330
70
100
AcDbEntity
  8
HADE Julie60 True EC split bs v1_julier2-ec plate v1_0
100
AcDbLine
 10
231.5945000000001
 20
-85.89499999999999
 30
0.0
 11
217.9945
 21
-85.89499999999999
 31
0.0
  0
LINE
  5
119
330
70
100
AcDbEntity
  8
HADE Julie60 True EC split bs v1_julier2-ec plate v1_0
100
AcDbLine
 10
313.0570000000001
 20
-42.24499999999998
 30
0.0
 11
313.057
 21
-29.245
 31
0.0
  0
ARC
  5
11A
330
70
100
AcDbEntity
  8
HADE Julie60 True EC split bs v1_julier2-ec plate v1_0
100
AcDbCircle
 10
93.48199900000004
 20
-80.34499900000003
 30
0.0
 40
0.5000010000009655
100
AcDbArc
 50
270.0001145913311
 51
359.9998854086737
  0
ARC
  5
11B
330
70
100
AcDbEntity
  8
HADE Julie60 True EC split bs v1_julier2-ec plate v1_0
100
AcDbCircle
 10
227.5195
 20
-118.445
 30
0.0
 40
0.4999999999999006
100
AcDbArc
 50
180.0
 51
270.0000000000033
  0
ARC
  5
11C
330
70
100
AcDbEntity
  8
HADE Julie60 True EC split bs v1_julier2-ec plate v1_0
100
AcDbCircle
 10
251.332
 20
-29.24499999999998
 30
0.0
 40
0.5000000000000071
100
AcDbArc
 50
89.99999999999674
 51
180.0
  0
LINE
  5
11D
330
70
100
AcDbEntity
  8
HADE Julie60 True EC split bs v1_julier2-ec plate v1_0
100
AcDbLine
 10
146.057
 20
-48.29499999999997
 30
0.0
 11
146.057
 21
-61.29499999999998
 31
0.0
  0
LINE
  5
11E
330
70
100
AcDbEntity
  8
HADE Julie60 True EC split bs v1_julier2-ec plate v1_0
100
AcDbLine
 10
213.0445
 20
-99.39499999999998
 30
0.0
 11
213.0445
 21
-86.39499999999998
 31
0.0
  0
LINE
  5
11F
330
70
100
AcDbEntity
  8
HADE Julie60 True EC split bs v1_julier2-ec plate v1_0
100
AcDbLine
 10
283.9820000000001
 20
-66.84499999999999
 30
0.0
 11
270.3820000000001
 21
-66.84499999999998
 31
0.0
  0
ARC
  5
120
330
70
100
AcDbEntity
  8
HADE Julie60 True EC split bs v1_julier2-ec plate v1_0
100
AcDbCircle
 10
246.5695000000001
 20
-105.445
 30
0.0
 40
0.5000000000000249
100
AcDbArc
 50
90.0
 51
179.9999999999984
  0
ARC
  5
121
330
70
100
AcDbEntity
  8
HADE Julie60 True EC split bs v1_julier2-ec plate v1_0
100
AcDbCircle
 10
183.969499
 20
-118.444999
 30
0.0
 40
0.5000010000010011
100
AcDbArc
 50
270.0001145913295
 51
359.9998854086705
  0
LINE
  5
122
330
70
100
AcDbEntity
  8
HADE Julie60 True EC split bs v1_julier2-ec plate v1_0
100
AcDbLine
 10
241.3070000000001
 20
-48.29499999999997
 30
0.0
 11
241.3070000000001
 21
-61.29499999999998
 31
0.0
  0
LINE
  5
123
330
70
100
AcDbEntity
  8
HADE Julie60 True EC split bs v1_julier2-ec plate v1_0
100
AcDbLine
 10
50.61950000000006
 20
-104.9449999999999
 30
0.0
 11
37.01950000000004
 21
-104.945
 31
0.0
  0
ARC
  5
124
330
70
100
AcDbEntity
  8
HADE Julie60 True EC split bs v1_julier2-ec plate v1_0
100
AcDbCircle
 10
237.0445000000001
 20
-99.39499999999998
 30
0.0
 40
0.5000000000000071
100
AcDbArc
 50
180.0
 51
270.0
  0
LINE
  5
125
330
70
100
AcDbEntity
  8
HADE Julie60 True EC split bs v1_julier2-ec plate v1_0
100
AcDbLine
 10
236.5445000000001
 20
-86.39499999999998
 30
0.0
 11
236.5445000000001
 21
-99.39499999999998
 31
0.0
  0
ARC
  5
126
330
70
100
AcDbEntity
  8
HADE Julie60 True EC split bs v1_julier2-ec plate v1_0
100
AcDbCircle
 10
94.16950000000005
 20
-118.445
 30
0.0
 40
0.5000000000000427
100
AcDbArc
 50
180.0
 51
270.0
  0
ARC
  5
127
330
70
100
AcDbEntity
  8
HADE Julie60 True EC split bs v1_julier2-ec plate v1_0
100
AcDbCircle
 10
245.8819990000001
 20
-80.344999
 30
0.0
 40
0.5000010000009834
100
AcDbArc
 50
270.0001145913263
 51
359.9998854086705
  0
ARC
  5
128
330
70
100
AcDbEntity
  8
HADE Julie60 True EC split bs v1_julier2-ec plate v1_0
100
AcDbCircle
 10
165.607
 20
-48.29500000000003
 30
0.0
 40
0.500000000000016
100
AcDbArc
 50
90.0
 51
179.9999999999959
  0
LINE
  5
129
330
70
100
AcDbEntity
  8
HADE Julie60 True EC split bs v1_julier2-ec plate v1_0
100
AcDbLine
 10
217.9945
 20
-99.89499999999999
 30
0.0
 11
231.5945000000001
 21
-99.89499999999999
 31
0.0
  0
ARC
  5
12A
330
70
100
AcDbEntity
  8
HADE Julie60 True EC split bs v1_julier2-ec plate v1_0
100
AcDbCircle
 10
88.71949900000004
 20
-118.444999
 30
0.0
 40
0.5000010000009655
100
AcDbArc
 50
270.0001145913263
 51
359.9998854086721
  0
ARC
  5
12B
330
70
100
AcDbEntity
  8
HADE Julie60 True EC split bs v1_julier2-ec plate v1_0
100
AcDbCircle
 10
156.082
 20
-67.34500000000003
 30
0.0
 40
0.5000000000000249
100
AcDbArc
 50
90.00000000000325
 51
179.9999999999967
  0
ARC
  5
12C
330
70
100
AcDbEntity
  8
HADE Julie60 True EC split bs v1_julier2-ec plate v1_0
100
AcDbCircle
 10
165.607
 20
-61.29500000000003
 30
0.0
 40
0.4999999999999361
100
AcDbArc
 50
179.9999999999943
 51
270.0000000000033
  0
LINE
  5
12D
330
70
100
AcDbEntity
  8
HADE Julie60 True EC split bs v1_julier2-ec plate v1_0
100
AcDbLine
 10
98.93200000000007
 20
-80.84500000000003
 30
0.0
 11
112.532
 21
-80.84500000000003
 31
0.0
  0
ARC
  5
12E
330
70
100
AcDbEntity
  8
HADE Julie60 True EC split bs v1_julier2-ec plate v1_0
100
AcDbCircle
 10
98.24449900000004
 20
-86.39500100000004
 30
0.0
 40
0.5000010000010188
100
AcDbArc
 50
0.000114591329554
 51
89.99988540866883
  0
ARC
  5
12F
330
70
100
AcDbEntity
  8
HADE Julie60 True EC split bs v1_julier2-ec plate v1_0
100
AcDbCircle
 10
107.769499
 20
-105.445001
 30
0.0
 40
0.5000010000010188
100
AcDbArc
 50
0.0001145913311825
 51
89.99988540866883
  0
ARC
  5
130
330
70
100
AcDbEntity
  8
HADE Julie60 True EC split bs v1_julier2-ec plate v1_0
100
AcDbCircle
 10
208.4695000000001
 20
-118.445
 30
0.0
 40
0.5000000000000427
100
AcDbArc
 50
180.0000000000016
 51
270.0
  0
ARC
  5
131
330
70
100
AcDbEntity
  8
HADE Julie60 True EC split bs v1_julier2-ec plate v1_0
100
AcDbCircle
 10
75.11949999999998
 20
-105.4449999999999
 30
0.0
 40
0.4999999999999183
100
AcDbArc
 50
89.99999999999674
 51
180.0000000000049
  0
ARC
  5
132
330
70
100
AcDbEntity
  8
HADE Julie60 True EC split bs v1_julier2-ec plate v1_0
100
AcDbCircle
 10
312.556999
 20
-42.24499899999996
 30
0.0
 40
0.5000010000010011
100
AcDbArc
 50
270.0001145913295
 51
359.9998854086688
  0
LINE
  5
133
330
70
100
AcDbEntity
  8
HADE Julie60 True EC split bs v1_julier2-ec plate v1_0
100
AcDbLine
 10
241.1261000000001
 20
-42.19499999999997
 30
0.0
 11
241.1261
 21
-29.29499999999997
 31
0.0
  0
LINE
  5
134
330
70
100
AcDbEntity
  8
HADE Julie60 True EC split bs v1_julier2-ec plate v1_0
100
AcDbLine
 10
232.0945000000001
 20
-99.39499999999998
 30
0.0
 11
232.0945000000001
 21
-86.39499999999998
 31
0.0
  0
LINE
  5
135
330
70
100
AcDbEntity
  8
HADE Julie60 True EC split bs v1_julier2-ec plate v1_0
100
AcDbLine
 10
240.6261
 20
-28.795
 30
0.0
 11
228.0261
 21
-28.79500000000002
 31
0.0
  0
LINE
  5
136
330
70
100
AcDbEntity
  8
HADE Julie60 True EC split bs v1_julier2-ec plate v1_0
100
AcDbLine
 10
241.1261000000001
 20
-42.19499999999997
 30
0.0
 11
241.1261
 21
-29.29499999999997
 31
0.0
  0
LINE
  5
137
330
70
100
AcDbEntity
  8
HADE Julie60 True EC split bs v1_julier2-ec plate v1_0
100
AcDbLine
 10
36.51949999999999
 20
-105.445
 30
0.0
 11
36.51950000000003
 21
-118.445
 31
0.0
  0
ARC
  5
138
330
70
100
AcDbEntity
  8
HADE Julie60 True EC split bs v1_julier2-ec plate v1_0
100
AcDbCircle
 10
56.06950000000001
 20
-105.445
 30
0.0
 40
0.5000000000000071
100
AcDbArc
 50
89.99999999999593
 51
180.0
  0
LINE
  5
139
330
70
100
AcDbEntity
  8
HADE Julie60 True EC split bs v1_julier2-ec plate v1_0
100
AcDbLine
 10
217.4945
 20
-86.39499999999998
 30
0.0
 11
217.4945
 21
-99.39499999999998
 31
0.0
  0
LINE
  5
13A
330
70
100
AcDbEntity
  8
HADE Julie60 True EC split bs v1_julier2-ec plate v1_0
100
AcDbLine
 10
250.6445000000001
 20
-85.89499999999999
 30
0.0
 11
237.0445000000001
 21
-85.89499999999999
 31
0.0
  0
LINE
  5
13B
330
70
100
AcDbEntity
  8
HADE Julie60 True EC split bs v1_julier2-ec plate v1_0
100
AcDbLine
 10
37.01950000000004
 20
-118.9449999999999
 30
0.0
 11
50.61950000000006
 21
-118.945
 31
0.0
  0
LINE
  5
13C
330
70
100
AcDbEntity
  8
HADE Julie60 True EC split bs v1_julier2-ec plate v1_0
100
AcDbLine
 10
41.78200000000003
 20
-99.89499999999999
 30
0.0
 11
55.38200000000003
 21
-99.89500000000006
 31
0.0
  0
ARC
  5
13D
330
70
100
AcDbEntity
  8
HADE Julie60 True EC split bs v1_julier2-ec plate v1_0
100
AcDbCircle
 10
131.581999
 20
-67.34500100000004
 30
0.0
 40
0.5000010000010544
100
AcDbArc
 50
0.0001145913328109
 51
89.99988540866395
  0
ARC
  5
13E
330
70
100
AcDbEntity
  8
HADE Julie60 True EC split bs v1_julier2-ec plate v1_0
100
AcDbCircle
 10
98.93200000000007
 20
-80.34500000000001
 30
0.0
 40
0.5000000000000071
100
AcDbArc
 50
180.0
 51
270.0
  0
ARC
  5
13F
330
70
100
AcDbEntity
  8
HADE Julie60 True EC split bs v1_julier2-ec plate v1_0
100
AcDbCircle
 10
312.556999
 20
-42.24499899999996
 30
0.0
 40
0.5000010000010011
100
AcDbArc
 50
270.0001145913295
 51
359.9998854086688
  0
ARC
  5
140
330
70
100
AcDbEntity
  8
HADE Julie60 True EC split bs v1_julier2-ec plate v1_0
100
AcDbCircle
 10
212.544499
 20
-86.39500099999997
 30
0.0
 40
0.5000010000009834
100
AcDbArc
 50
0.000114591329554
 51
89.99988540867045
  0
LINE
  5
141
330
70
100
AcDbEntity
  8
HADE Julie60 True EC split bs v1_julier2-ec plate v1_0
100
AcDbLine
 10
298.957
 20
-42.74499999999997
 30
0.0
 11
312.557
 21
-42.74499999999997
 31
0.0
  0
CIRCLE
  5
142
330
70
100
AcDbEntity
  8
HADE Julie60 True EC split bs v1_julier2-ec plate v1_0
100
AcDbCircle
 10
215.2695
 20
-92.89499999999998
 30
0.0
 40
1.0
  0
LINE
  5
143
330
70
100
AcDbEntity
  8
HADE Julie60 True EC split bs v1_julier2-ec plate v1_0
100
AcDbLine
 10
250.8320000000001
 20
-29.24499999999998
 30
0.0
 11
250.8320000000001
 21
-42.24499999999999
 31
0.0
  0
LINE
  5
144
330
70
100
AcDbEntity
  8
HADE Julie60 True EC split bs v1_julier2-ec plate v1_0
100
AcDbLine
 10
89.2195
 20
-118.445
 30
0.0
 11
89.21950000000002
 21
-105.445
 31
0.0
  0
LINE
  5
145
330
70
100
AcDbEntity
  8
HADE Julie60 True EC split bs v1_julier2-ec plate v1_0
100
AcDbLine
 10
108.2694999999999
 20
-118.445
 30
0.0
 11
108.2695
 21
-105.445
 31
0.0
  0
LINE
  5
146
330
70
100
AcDbEntity
  8
HADE Julie60 True EC split bs v1_julier2-ec plate v1_0
100
AcDbLine
 10
227.0195000000001
 20
-105.445
 30
0.0
 11
227.0195000000001
 21
-118.445
 31
0.0
  0
LINE
  5
147
330
70
100
AcDbEntity
  8
HADE Julie60 True EC split bs v1_julier2-ec plate v1_0
100
AcDbLine
 10
240.6261
 20
-28.795
 30
0.0
 11
228.0261
 21
-28.79500000000002
 31
0.0
  0
ARC
  5
148
330
70
100
AcDbEntity
  8
HADE Julie60 True EC split bs v1_julier2-ec plate v1_0
100
AcDbCircle
 10
107.769499
 20
-118.444999
 30
0.0
 40
0.5000010000009655
100
AcDbArc
 50
270.0001145913263
 51
359.9998854086721
  0
LINE
  5
149
330
70
100
AcDbEntity
  8
HADE Julie60 True EC split bs v1_julier2-ec plate v1_0
100
AcDbLine
 10
55.38200000000003
 20
-28.74500000000001
 30
0.0
 11
41.78200000000003
 21
-28.74500000000001
 31
0.0
  0
ARC
  5
14A
330
70
100
AcDbEntity
  8
HADE Julie60 True EC split bs v1_julier2-ec plate v1_0
100
AcDbCircle
 10
251.3320000000001
 20
-80.34499999999999
 30
0.0
 40
0.5000000000000071
100
AcDbArc
 50
180.0
 51
270.0
  0
LINE
  5
14B
330
70
100
AcDbEntity
  8
HADE Julie60 True EC split bs v1_julier2-ec plate v1_0
100
AcDbLine
 10
165.107
 20
-48.29499999999999
 30
0.0
 11
165.1070000000001
 21
-61.29499999999999
 31
0.0
  0
LINE
  5
14C
330
70
100
AcDbEntity
  8
HADE Julie60 True EC split bs v1_julier2-ec plate v1_0
100
AcDbLine
 10
228.0261
 20
-42.69499999999999
 30
0.0
 11
240.6261000000001
 21
-42.69499999999998
 31
0.0
  0
LINE
  5
14D
330
70
100
AcDbEntity
  8
HADE Julie60 True EC split bs v1_julier2-ec plate v1_0
100
AcDbLine
 10
169.8695
 20
-29.24500000000002
 30
0.0
 11
169.8695
 21
-42.24499999999999
 31
0.0
  0
ARC
  5
14E
330
70
100
AcDbEntity
  8
HADE Julie60 True EC split bs v1_julier2-ec plate v1_0
100
AcDbCircle
 10
241.1194990000001
 20
-105.445001
 30
0.0
 40
0.5000010000009122
100
AcDbArc
 50
0.0001145913311825
 51
89.9998854086672
  0
ARC
  5
14F
330
70
100
AcDbEntity
  8
HADE Julie60 True EC split bs v1_julier2-ec plate v1_0
100
AcDbCircle
 10
170.3695
 20
-29.24499999999998
 30
0.0
 40
0.4999999999999894
100
AcDbArc
 50
90.0
 51
180.000000000004
  0
ARC
  5
150
330
70
100
AcDbEntity
  8
HADE Julie60 True EC split bs v1_julier2-ec plate v1_0
100
AcDbCircle
 10
170.3695
 20
-29.24499999999998
 30
0.0
 40
0.4999999999999894
100
AcDbArc
 50
90.0
 51
180.000000000004
  0
ARC
  5
151
330
70
100
AcDbEntity
  8
HADE Julie60 True EC split bs v1_julier2-ec plate v1_0
100
AcDbCircle
 10
312.556999
 20
-29.24500099999999
 30
0.0
 40
0.5000010000009834
100
AcDbArc
 50
0.0001145913291469
 51
89.99988540867045
  0
ARC
  5
152
330
70
100
AcDbEntity
  8
HADE Julie60 True EC split bs v1_julier2-ec plate v1_0
100
AcDbCircle
 10
226.8319990000001
 20
-67.34500099999997
 30
0.0
 40
0.5000010000009834
100
AcDbArc
 50
0.0001145913279256
 51
89.99988540867045
  0
ARC
  5
153
330
70
100
AcDbEntity
  8
HADE Julie60 True EC split bs v1_julier2-ec plate v1_0
100
AcDbCircle
 10
314.938253
 20
-80.34499899999998
 30
0.0
 40
0.5000010000010011
100
AcDbArc
 50
270.0001145913295
 51
359.9998854086705
  0
ARC
  5
154
330
70
100
AcDbEntity
  8
HADE Julie60 True EC split bs v1_julier2-ec plate v1_0
100
AcDbCircle
 10
41.78199999999999
 20
-99.39500000000004
 30
0.0
 40
0.4999999999999716
100
AcDbArc
 50
179.9999999999967
 51
270.0000000000041
  0
ARC
  5
155
330
70
100
AcDbEntity
  8
HADE Julie60 True EC split bs v1_julier2-ec plate v1_0
100
AcDbCircle
 10
50.61949900000008
 20
-118.444999
 30
0.0
 40
0.5000010000010011
100
AcDbArc
 50
270.0001145913279
 51
359.9998854086705
  0
LINE
  5
156
330
70
100
AcDbEntity
  8
HADE Julie60 True EC split bs v1_julier2-ec plate v1_0
100
AcDbLine
 10
241.6195000000001
 20
-118.445
 30
0.0
 11
241.6195
 21
-105.445
 31
0.0
  0
ARC
  5
157
330
70
100
AcDbEntity
  8
HADE Julie60 True EC split bs v1_julier2-ec plate v1_0
100
AcDbCircle
 10
250.644499
 20
-99.39499900000001
 30
0.0
 40
0.5000010000009834
100
AcDbArc
 50
270.0001145913361
 51
359.9998854086705
  0
ARC
  5
158
330
70
100
AcDbEntity
  8
HADE Julie60 True EC split bs v1_julier2-ec plate v1_0
100
AcDbCircle
 10
237.0445000000001
 20
-86.39499999999998
 30
0.0
 40
0.4999999999999894
100
AcDbArc
 50
90.0
 51
180.0
  0
ARC
  5
159
330
70
100
AcDbEntity
  8
HADE Julie60 True EC split bs v1_julier2-ec plate v1_0
100
AcDbCircle
 10
122.7445
 20
-86.39499999999996
 30
0.0
 40
0.4999999999999716
100
AcDbArc
 50
89.99999999999674
 51
180.0000000000049
  0
LINE
  5
15A
330
70
100
AcDbEntity
  8
HADE Julie60 True EC split bs v1_julier2-ec plate v1_0
100
AcDbLine
 10
251.1445
 20
-99.39500000000002
 30
0.0
 11
251.1445000000001
 21
-86.39500000000001
 31
0.0
  0
ARC
  5
15B
330
70
100
AcDbEntity
  8
HADE Julie60 True EC split bs v1_julier2-ec plate v1_0
100
AcDbCircle
 10
146.557
 20
-48.29500000000003
 30
0.0
 40
0.5000000000000338
100
AcDbArc
 50
90.0
 51
179.9999999999926
  0
LINE
  5
15C
330
70
100
AcDbEntity
  8
HADE Julie60 True EC split bs v1_julier2-ec plate v1_0
100
AcDbLine
 10
150.632
 20
-66.84499999999998
 30
0.0
 11
137.0319999999999
 21
-66.84499999999999
 31
0.0
  0
ARC
  5
15D
330
70
100
AcDbEntity
  8
HADE Julie60 True EC split bs v1_julier2-ec plate v1_0
100
AcDbCircle
 10
146.557
 20
-61.29500000000001
 30
0.0
 40
0.5000000000000071
100
AcDbArc
 50
179.9999999999967
 51
270.0
  0
ARC
  5
15E
330
70
100
AcDbEntity
  8
HADE Julie60 True EC split bs v1_julier2-ec plate v1_0
100
AcDbCircle
 10
231.5944990000001
 20
-86.39500099999997
 30
0.0
 40
0.5000010000009834
100
AcDbArc
 50
0.000114591329554
 51
89.9998854086737
  0
LINE
  5
15F
330
70
100
AcDbEntity
  8
HADE Julie60 True EC split bs v1_julier2-ec plate v1_0
100
AcDbLine
 10
228.0261
 20
-42.69499999999999
 30
0.0
 11
240.6261000000001
 21
-42.69499999999998
 31
0.0
  0
ARC
  5
160
330
70
100
AcDbEntity
  8
HADE Julie60 True EC split bs v1_julier2-ec plate v1_0
100
AcDbCircle
 10
241.807
 20
-48.29499999999997
 30
0.0
 40
0.4999999999999716
100
AcDbArc
 50
90.0
 51
180.0
  0
ARC
  5
161
330
70
100
AcDbEntity
  8
HADE Julie60 True EC split bs v1_julier2-ec plate v1_0
100
AcDbCircle
 10
241.1194990000001
 20
-118.444999
 30
0.0
 40
0.5000010000010011
100
AcDbArc
 50
270.0001145913328
 51
359.9998854086688
  0
ARC
  5
162
330
70
100
AcDbEntity
  8
HADE Julie60 True EC split bs v1_julier2-ec plate v1_0
100
AcDbCircle
 10
251.332
 20
-29.24499999999998
 30
0.0
 40
0.5000000000000071
100
AcDbArc
 50
89.99999999999674
 51
180.0
  0
ARC
  5
163
330
70
100
AcDbEntity
  8
HADE Julie60 True EC split bs v1_julier2-ec plate v1_0
100
AcDbCircle
 10
150.631999
 20
-67.34500100000005
 30
0.0
 40
0.5000010000010544
100
AcDbArc
 50
0.0001145913360678
 51
89.9998854086672
  0
CIRCLE
  5
164
330
70
100
AcDbEntity
  8
HADE Julie60 True EC split bs v1_julier2-ec plate v1_0
100
AcDbCircle
 10
248.6070000000001
 20
-35.74499999999997
 30
0.0
 40
1.0
  0
ARC
  5
165
330
70
100
AcDbEntity
  8
HADE Julie60 True EC split bs v1_julier2-ec plate v1_0
100
AcDbCircle
 10
240.6260990000001
 20
-42.19499899999997
 30
0.0
 40
0.5000010000010011
100
AcDbArc
 50
270.0001145913263
 51
359.9998854086713
  0
LINE
  5
166
330
70
100
AcDbEntity
  8
HADE Julie60 True EC split bs v1_julier2-ec plate v1_0
100
AcDbLine
 10
55.88200000000014
 20
-42.24500000000002
 30
0.0
 11
55.88200000000011
 21
-29.24500000000004
 31
0.0
  0
LINE
  5
167
330
70
100
AcDbEntity
  8
HADE Julie60 True EC split bs v1_julier2-ec plate v1_0
100
AcDbLine
 10
160.3445
 20
-86.39499999999998
 30
0.0
 11
160.3445
 21
-99.39500000000002
 31
0.0
  0
LINE
  5
168
330
70
100
AcDbEntity
  8
HADE Julie60 True EC split bs v1_julier2-ec plate v1_0
100
AcDbLine
 10
274.6445
 20
-29.245
 30
0.0
 11
274.6445
 21
-42.24499999999999
 31
0.0
  0
LINE
  5
169
330
70
100
AcDbEntity
  8
HADE Julie60 True EC split bs v1_julier2-ec plate v1_0
100
AcDbLine
 10
160.157
 20
-47.79500000000002
 30
0.0
 11
146.557
 21
-47.795
 31
0.0
  0
ARC
  5
16A
330
70
100
AcDbEntity
  8
HADE Julie60 True EC split bs v1_julier2-ec plate v1_0
100
AcDbCircle
 10
264.931999
 20
-29.24500099999999
 30
0.0
 40
0.5000010000010544
100
AcDbArc
 50
0.0001145913291469
 51
89.99988540866395
  0
LINE
  5
16B
330
70
100
AcDbEntity
  8
HADE Julie60 True EC split bs v1_julier2-ec plate v1_0
100
AcDbLine
 10
41.28199999999996
 20
-29.24500000000004
 30
0.0
 11
41.28199999999996
 21
-42.24500000000002
 31
0.0
  0
ARC
  5
16C
330
70
100
AcDbEntity
  8
HADE Julie60 True EC split bs v1_julier2-ec plate v1_0
100
AcDbCircle
 10
250.6444990000001
 20
-86.39500099999997
 30
0.0
 40
0.5000010000009834
100
AcDbArc
 50
0.0001145913279256
 51
89.9998854086737
  0
LINE
  5
16D
330
70
100
AcDbEntity
  8
HADE Julie60 True EC split bs v1_julier2-ec plate v1_0
100
AcDbLine
 10
222.5695
 20
-118.445
 30
0.0
 11
222.5695
 21
-105.445
 31
0.0
  0
ARC
  5
16E
330
70
100
AcDbEntity
  8
HADE Julie60 True EC split bs v1_julier2-ec plate v1_0
100
AcDbCircle
 10
240.6260990000001
 20
-29.295001
 30
0.0
 40
0.5000010000009478
100
AcDbArc
 50
0.0001145913336252
 51
89.99988540867697
  0
ARC
  5
16F
330
70
100
AcDbEntity
  8
HADE Julie60 True EC split bs v1_julier2-ec plate v1_0
100
AcDbCircle
 10
170.3695
 20
-42.24499999999999
 30
0.0
 40
0.5000000000000071
100
AcDbArc
 50
180.0
 51
270.0
  0
ARC
  5
170
330
70
100
AcDbEntity
  8
HADE Julie60 True EC split bs v1_julier2-ec plate v1_0
100
AcDbCircle
 10
170.3695
 20
-42.24499999999999
 30
0.0
 40
0.5000000000000071
100
AcDbArc
 50
180.0
 51
270.0
  0
LINE
  5
171
330
70
100
AcDbEntity
  8
HADE Julie60 True EC split bs v1_julier2-ec plate v1_0
100
AcDbLine
 10
169.682
 20
-66.84499999999998
 30
0.0
 11
156.0819999999999
 21
-66.84499999999999
 31
0.0
  0
ARC
  5
172
330
70
100
AcDbEntity
  8
HADE Julie60 True EC split bs v1_julier2-ec plate v1_0
100
AcDbCircle
 10
251.332
 20
-42.24499999999999
 30
0.0
 40
0.4999999999999361
100
AcDbArc
 50
180.0000000000008
 51
270.0000000000065
  0
ARC
  5
173
330
70
100
AcDbEntity
  8
HADE Julie60 True EC split bs v1_julier2-ec plate v1_0
100
AcDbCircle
 10
231.5944990000001
 20
-99.39499900000001
 30
0.0
 40
0.5000010000009834
100
AcDbArc
 50
270.0001145913263
 51
359.9998854086721
  0
ARC
  5
174
330
70
100
AcDbEntity
  8
HADE Julie60 True EC split bs v1_julier2-ec plate v1_0
100
AcDbCircle
 10
212.544499
 20
-99.39499900000001
 30
0.0
 40
0.5000010000010011
100
AcDbArc
 50
270.0001145913295
 51
359.9998854086737
  0
CIRCLE
  5
175
330
70
100
AcDbEntity
  8
HADE Julie60 True EC split bs v1_julier2-ec plate v1_0
100
AcDbCircle
 10
248.6070000000001
 20
-35.74499999999997
 30
0.0
 40
1.0
  0
CIRCLE
  5
176
330
70
100
AcDbEntity
  8
HADE Julie60 True EC split bs v1_julier2-ec plate v1_0
100
AcDbCircle
 10
243.8445000000001
 20
-111.945
 30
0.0
 40
1.0
  0
LINE
  5
177
330
70
100
AcDbEntity
  8
HADE Julie60 True EC split bs v1_julier2-ec plate v1_0
100
AcDbLine
 10
146.557
 20
-61.79499999999999
 30
0.0
 11
160.157
 21
-61.795
 31
0.0
  0
ARC
  5
178
330
70
100
AcDbEntity
  8
HADE Julie60 True EC split bs v1_julier2-ec plate v1_0
100
AcDbCircle
 10
222.0694990000001
 20
-118.444999
 30
0.0
 40
0.5000010000010011
100
AcDbArc
 50
270.000114591323
 51
359.9998854086705
  0
ARC
  5
179
330
70
100
AcDbEntity
  8
HADE Julie60 True EC split bs v1_julier2-ec plate v1_0
100
AcDbCircle
 10
137.0319999999999
 20
-67.34499999999998
 30
0.0
 40
0.4999999999999894
100
AcDbArc
 50
89.99999999999674
 51
180.0000000000016
  0
ARC
  5
17A
330
70
100
AcDbEntity
  8
HADE Julie60 True EC split bs v1_julier2-ec plate v1_0
100
AcDbCircle
 10
236.3569990000001
 20
-61.29499899999999
 30
0.0
 40
0.5000010000009834
100
AcDbArc
 50
270.0001145913328
 51
359.9998854086688
  0
CIRCLE
  5
17B
330
70
100
AcDbEntity
  8
HADE Julie60 True EC split bs v1_julier2-ec plate v1_0
100
AcDbCircle
 10
167.6445
 20
-35.74499999999999
 30
0.0
 40
1.0
  0
ARC
  5
17C
330
70
100
AcDbEntity
  8
HADE Julie60 True EC split bs v1_julier2-ec plate v1_0
100
AcDbCircle
 10
169.681999
 20
-67.34500099999999
 30
0.0
 40
0.5000010000010188
100
AcDbArc
 50
0.000114591329554
 51
89.99988540866395
  0
ARC
  5
17D
330
70
100
AcDbEntity
  8
HADE Julie60 True EC split bs v1_julier2-ec plate v1_0
100
AcDbCircle
 10
37.0195
 20
-105.445
 30
0.0
 40
0.4999999999999894
100
AcDbArc
 50
89.99999999999593
 51
180.0
  0
ARC
  5
17E
330
70
100
AcDbEntity
  8
HADE Julie60 True EC split bs v1_julier2-ec plate v1_0
100
AcDbCircle
 10
245.8819990000001
 20
-67.34500099999998
 30
0.0
 40
0.5000010000010188
100
AcDbArc
 50
0.000114591329554
 51
89.99988540867697
  0
ARC
  5
17F
330
70
100
AcDbEntity
  8
HADE Julie60 True EC split bs v1_julier2-ec plate v1_0
100
AcDbCircle
 10
240.6260990000001
 20
-29.295001
 30
0.0
 40
0.5000010000009478
100
AcDbArc
 50
0.0001145913336252
 51
89.99988540867697
  0
ARC
  5
180
330
70
100
AcDbEntity
  8
HADE Julie60 True EC split bs v1_julier2-ec plate v1_0
100
AcDbCircle
 10
246.5695000000001
 20
-118.445
 30
0.0
 40
0.4999999999999716
100
AcDbArc
 50
180.0
 51
270.0
  0
LINE
  5
181
330
70
100
AcDbEntity
  8
HADE Julie60 True EC split bs v1_julier2-ec plate v1_0
100
AcDbLine
 10
169.8695
 20
-29.24500000000002
 30
0.0
 11
169.8695
 21
-42.24499999999999
 31
0.0
  0
ARC
  5
182
330
70
100
AcDbEntity
  8
HADE Julie60 True EC split bs v1_julier2-ec plate v1_0
100
AcDbCircle
 10
217.3069990000001
 20
-61.29499899999999
 30
0.0
 40
0.5000010000009834
100
AcDbArc
 50
270.0001145913328
 51
359.9998854086713
  0
ARC
  5
183
330
70
100
AcDbEntity
  8
HADE Julie60 True EC split bs v1_julier2-ec plate v1_0
100
AcDbCircle
 10
251.3320000000001
 20
-67.345
 30
0.0
 40
0.5000000000000249
100
AcDbArc
 50
90.00000000000325
 51
179.9999999999967
  0
LINE
  5
184
330
70
100
AcDbEntity
  8
HADE Julie60 True EC split bs v1_julier2-ec plate v1_0
100
AcDbLine
 10
246.0695000000001
 20
-105.445
 30
0.0
 11
246.0695000000001
 21
-118.445
 31
0.0
  0
CIRCLE
  5
185
330
70
100
AcDbEntity
  8
HADE Julie60 True EC split bs v1_julier2-ec plate v1_0
100
AcDbCircle
 10
167.6445
 20
-35.74499999999999
 30
0.0
 40
1.0
  0
LINE
  5
186
330
70
100
AcDbEntity
  8
HADE Julie60 True EC split bs v1_julier2-ec plate v1_0
100
AcDbLine
 10
160.657
 20
-61.295
 30
0.0
 11
160.657
 21
-48.29499999999997
 31
0.0
  0
ARC
  5
187
330
70
100
AcDbEntity
  8
HADE Julie60 True EC split bs v1_julier2-ec plate v1_0
100
AcDbCircle
 10
269.6944990000001
 20
-86.39500099999997
 30
0.0
 40
0.5000010000010188
100
AcDbArc
 50
0.000114591329554
 51
89.99988540867045
  0
LINE
  5
188
330
70
100
AcDbEntity
  8
HADE Julie60 True EC split bs v1_julier2-ec plate v1_0
100
AcDbLine
 10
41.28199999999998
 20
-86.39500000000003
 30
0.0
 11
41.28200000000002
 21
-99.39500000000002
 31
0.0
  0
ARC
  5
189
330
70
100
AcDbEntity
  8
HADE Julie60 True EC split bs v1_julier2-ec plate v1_0
100
AcDbCircle
 10
136.344499
 20
-86.39500099999997
 30
0.0
 40
0.5000010000009834
100
AcDbArc
 50
0.0001145913279256
 51
89.9998854086672
  0
CIRCLE
  5
18A
330
70
100
AcDbEntity
  8
HADE Julie60 True EC split bs v1_julier2-ec plate v1_0
100
AcDbCircle
 10
205.7445
 20
-35.74499999999997
 30
0.0
 40
1.0
  0
ARC
  5
18B
330
70
100
AcDbEntity
  8
HADE Julie60 True EC split bs v1_julier2-ec plate v1_0
100
AcDbCircle
 10
55.38199900000002
 20
-29.2450010000001
 30
0.0
 40
0.5000010000010899
100
AcDbArc
 50
0.0001145913372891
 51
89.99988540866883
  0
LINE
  5
18C
330
70
100
AcDbEntity
  8
HADE Julie60 True EC split bs v1_julier2-ec plate v1_0
100
AcDbLine
 10
117.982
 20
-80.845
 30
0.0
 11
131.582
 21
-80.845
 31
0.0
  0
ARC
  5
18D
330
70
100
AcDbEntity
  8
HADE Julie60 True EC split bs v1_julier2-ec plate v1_0
100
AcDbCircle
 10
275.1445
 20
-42.24499999999998
 30
0.0
 40
0.5000000000000071
100
AcDbArc
 50
180.0000000000008
 51
270.0
  0
LINE
  5
18E
330
70
100
AcDbEntity
  8
HADE Julie60 True EC split bs v1_julier2-ec plate v1_0
100
AcDbLine
 10
65.09450000000001
 20
-86.39500000000003
 30
0.0
 11
65.09450000000001
 21
-99.39500000000002
 31
0.0
  0
LINE
  5
18F
330
70
100
AcDbEntity
  8
HADE Julie60 True EC split bs v1_julier2-ec plate v1_0
100
AcDbLine
 10
79.69450000000006
 20
-99.39500000000002
 30
0.0
 11
79.69450000000005
 21
-86.39499999999999
 31
0.0
  0
LINE
  5
190
330
70
100
AcDbEntity
  8
HADE Julie60 True EC split bs v1_julier2-ec plate v1_0
100
AcDbLine
 10
226.8320000000001
 20
-66.84499999999998
 30
0.0
 11
213.232
 21
-66.84499999999998
 31
0.0
  0
LINE
  5
191
330
70
100
AcDbEntity
  8
HADE Julie60 True EC split bs v1_julier2-ec plate v1_0
100
AcDbLine
 10
269.6945000000001
 20
-85.89499999999995
 30
0.0
 11
256.0945
 21
-85.89499999999997
 31
0.0
  0
LINE
  5
192
330
70
100
AcDbEntity
  8
HADE Julie60 True EC split bs v1_julier2-ec plate v1_0
100
AcDbLine
 10
122.2445
 20
-86.39499999999999
 30
0.0
 11
122.2445
 21
-99.39500000000002
 31
0.0
  0
ARC
  5
193
330
70
100
AcDbEntity
  8
HADE Julie60 True EC split bs v1_julier2-ec plate v1_0
100
AcDbCircle
 10
89.40699999999997
 20
-42.24499999999992
 30
0.0
 40
0.5000000000000427
100
AcDbArc
 50
180.0000000000089
 51
270.0000000000049
  0
LINE
  5
194
330
70
100
AcDbEntity
  8
HADE Julie60 True EC split bs v1_julier2-ec plate v1_0
100
AcDbLine
 10
212.5445
 20
-85.89499999999999
 30
0.0
 11
198.9445
 21
-85.89499999999999
 31
0.0
  0
ARC
  5
195
330
70
100
AcDbEntity
  8
HADE Julie60 True EC split bs v1_julier2-ec plate v1_0
100
AcDbCircle
 10
256.0945
 20
-86.39499999999998
 30
0.0
 40
0.5000000000000071
100
AcDbArc
 50
90.0
 51
180.0
  0
ARC
  5
196
330
70
100
AcDbEntity
  8
HADE Julie60 True EC split bs v1_julier2-ec plate v1_0
100
AcDbCircle
 10
50.61949900000012
 20
-61.29499900000006
 30
0.0
 40
0.5000010000009655
100
AcDbArc
 50
270.000114591323
 51
359.9998854086754
  0
ARC
  5
197
330
70
100
AcDbEntity
  8
HADE Julie60 True EC split bs v1_julier2-ec plate v1_0
100
AcDbCircle
 10
89.40700000000004
 20
-29.24500000000014
 30
0.0
 40
0.5000000000001315
100
AcDbArc
 50
90.00000000000488
 51
179.9999999999878
  0
LINE
  5
198
330
70
100
AcDbEntity
  8
HADE Julie60 True EC split bs v1_julier2-ec plate v1_0
100
AcDbLine
 10
288.7445
 20
-28.74499999999997
 30
0.0
 11
275.1445
 21
-28.74499999999997
 31
0.0
  0
LINE
  5
199
330
70
100
AcDbEntity
  8
HADE Julie60 True EC split bs v1_julier2-ec plate v1_0
100
AcDbLine
 10
265.6195
 20
-118.945
 30
0.0
 11
279.2195
 21
-118.945
 31
0.0
  0
LINE
  5
19A
330
70
100
AcDbEntity
  8
HADE Julie60 True EC split bs v1_julier2-ec plate v1_0
100
AcDbLine
 10
179.8945
 20
-99.89499999999999
 30
0.0
 11
193.4945
 21
-99.89499999999999
 31
0.0
  0
ARC
  5
19B
330
70
100
AcDbEntity
  8
HADE Julie60 True EC split bs v1_julier2-ec plate v1_0
100
AcDbCircle
 10
203.707
 20
-48.29499999999999
 30
0.0
 40
0.4999999999999894
100
AcDbArc
 50
89.99999999998697
 51
179.9999999999975
  0
LINE
  5
19C
330
70
100
AcDbEntity
  8
HADE Julie60 True EC split bs v1_julier2-ec plate v1_0
100
AcDbLine
 10
55.88200000000014
 20
-42.24500000000002
 30
0.0
 11
55.88200000000011
 21
-29.24500000000004
 31
0.0
  0
ARC
  5
19D
330
70
100
AcDbEntity
  8
HADE Julie60 True EC split bs v1_julier2-ec plate v1_0
100
AcDbCircle
 10
174.444499
 20
-86.39500099999997
 30
0.0
 40
0.5000010000009834
100
AcDbArc
 50
0.0001145913279256
 51
89.99988540867697
  0
LINE
  5
19E
330
70
100
AcDbEntity
  8
HADE Julie60 True EC split bs v1_julier2-ec plate v1_0
100
AcDbLine
 10
265.4320000000001
 20
-42.24499999999999
 30
0.0
 11
265.4320000000001
 21
-29.245
 31
0.0
  0
LINE
  5
19F
330
70
100
AcDbEntity
  8
HADE Julie60 True EC split bs v1_julier2-ec plate v1_0
100
AcDbLine
 10
194.182
 20
-80.845
 30
0.0
 11
207.7820000000001
 21
-80.845
 31
0.0
  0
ARC
  5
1A0
330
70
100
AcDbEntity
  8
HADE Julie60 True EC split bs v1_julier2-ec plate v1_0
100
AcDbCircle
 10
283.981999
 20
-80.34499899999998
 30
0.0
 40
0.5000010000010011
100
AcDbArc
 50
270.0001145913295
 51
359.9998854086688
  0
ARC
  5
1A1
330
70
100
AcDbEntity
  8
HADE Julie60 True EC split bs v1_julier2-ec plate v1_0
100
AcDbCircle
 10
312.557
 20
-86.39499999999998
 30
0.0
 40
0.4999999999999716
100
AcDbArc
 50
0.0
 51
90.0
  0
ARC
  5
1A2
330
70
100
AcDbEntity
  8
HADE Julie60 True EC split bs v1_julier2-ec plate v1_0
100
AcDbCircle
 10
40.22575000000006
 20
-80.32000000000001
 30
0.0
 40
0.5000000000000071
100
AcDbArc
 50
180.0
 51
269.9999999999959
  0
ARC
  5
1A3
330
70
100
AcDbEntity
  8
HADE Julie60 True EC split bs v1_julier2-ec plate v1_0
100
AcDbCircle
 10
89.40700000000004
 20
-61.295
 30
0.0
 40
0.5000000000000071
100
AcDbArc
 50
180.0
 51
270.0
  0
LINE
  5
1A4
330
70
100
AcDbEntity
  8
HADE Julie60 True EC split bs v1_julier2-ec plate v1_0
100
AcDbLine
 10
155.8945
 20
-99.39500000000002
 30
0.0
 11
155.8945
 21
-86.39500000000003
 31
0.0
  0
CIRCLE
  5
1A5
330
70
100
AcDbEntity
  8
HADE Julie60 True EC split bs v1_julier2-ec plate v1_0
100
AcDbCircle
 10
317.66325
 20
-73.84499999999997
 30
0.0
 40
1.0
  0
ARC
  5
1A6
330
70
100
AcDbEntity
  8
HADE Julie60 True EC split bs v1_julier2-ec plate v1_0
100
AcDbCircle
 10
183.969499
 20
-42.24499899999996
 30
0.0
 40
0.5000010000010188
100
AcDbArc
 50
270.0001145913295
 51
359.9998854086672
  0
ARC
  5
1A7
330
70
100
AcDbEntity
  8
HADE Julie60 True EC split bs v1_julier2-ec plate v1_0
100
AcDbCircle
 10
160.8445
 20
-99.39500000000002
 30
0.0
 40
0.4999999999999716
100
AcDbArc
 50
180.0
 51
270.0
  0
CIRCLE
  5
1A8
330
70
100
AcDbEntity
  8
HADE Julie60 True EC split bs v1_julier2-ec plate v1_0
100
AcDbCircle
 10
294.4707500000001
 20
-93.24499999999998
 30
0.0
 40
0.9999999999999987
  0
LINE
  5
1A9
330
70
100
AcDbEntity
  8
HADE Julie60 True EC split bs v1_julier2-ec plate v1_0
100
AcDbLine
 10
296.57575
 20
-80.84499999999998
 30
0.0
 11
314.938254
 21
-80.84499999999998
 31
0.0
  0
LINE
  5
1AA
330
70
100
AcDbEntity
  8
HADE Julie60 True EC split bs v1_julier2-ec plate v1_0
100
AcDbLine
 10
79.69450000000006
 20
-42.24500000000002
 30
0.0
 11
79.69450000000006
 21
-29.24500000000004
 31
0.0
  0
ARC
  5
1AB
330
70
100
AcDbEntity
  8
HADE Julie60 True EC split bs v1_julier2-ec plate v1_0
100
AcDbCircle
 10
117.294499
 20
-99.39499900000004
 30
0.0
 40
0.5000010000009655
100
AcDbArc
 50
270.0001145913263
 51
359.9998854086721
  0
LINE
  5
1AC
330
70
100
AcDbEntity
  8
HADE Julie60 True EC split bs v1_julier2-ec plate v1_0
100
AcDbLine
 10
217.3070000000001
 20
-47.795
 30
0.0
 11
203.7070000000001
 21
-47.795
 31
0.0
  0
ARC
  5
1AD
330
70
100
AcDbEntity
  8
HADE Julie60 True EC split bs v1_julier2-ec plate v1_0
100
AcDbCircle
 10
76.810711
 20
-61.29495099999999
 30
0.0
 40
0.5000010000010188
100
AcDbArc
 50
270.0001145913361
 51
359.9998854086705
  0
LINE
  5
1AE
330
70
100
AcDbEntity
  8
HADE Julie60 True EC split bs v1_julier2-ec plate v1_0
100
AcDbLine
 10
255.5945
 20
-86.39499999999998
 30
0.0
 11
255.5945
 21
-99.39499999999998
 31
0.0
  0
ARC
  5
1AF
330
70
100
AcDbEntity
  8
HADE Julie60 True EC split bs v1_julier2-ec plate v1_0
100
AcDbCircle
 10
112.531999
 20
-80.34499900000005
 30
0.0
 40
0.5000010000009655
100
AcDbArc
 50
270.0001145913311
 51
359.999885408677
  0
ARC
  5
1B0
330
70
100
AcDbEntity
  8
HADE Julie60 True EC split bs v1_julier2-ec plate v1_0
100
AcDbCircle
 10
55.38199900000009
 20
-42.24499899999996
 30
0.0
 40
0.5000010000010544
100
AcDbArc
 50
270.000114591323
 51
359.9998854086639
  0
ARC
  5
1B1
330
70
100
AcDbEntity
  8
HADE Julie60 True EC split bs v1_julier2-ec plate v1_0
100
AcDbCircle
 10
170.3695
 20
-118.445
 30
0.0
 40
0.5000000000000071
100
AcDbArc
 50
180.0
 51
270.0
  0
ARC
  5
1B2
330
70
100
AcDbEntity
  8
HADE Julie60 True EC split bs v1_julier2-ec plate v1_0
100
AcDbCircle
 10
65.59449999999998
 20
-86.39499999999996
 30
0.0
 40
0.4999999999999539
100
AcDbArc
 50
89.99999999999674
 51
180.0000000000081
  0
ARC
  5
1B3
330
70
100
AcDbEntity
  8
HADE Julie60 True EC split bs v1_julier2-ec plate v1_0
100
AcDbCircle
 10
198.256999
 20
-48.29500099999997
 30
0.0
 40
0.5000010000009478
100
AcDbArc
 50
0.0001145913295541
 51
89.9998854086737
  0
ARC
  5
1B4
330
70
100
AcDbEntity
  8
HADE Julie60 True EC split bs v1_julier2-ec plate v1_0
100
AcDbCircle
 10
275.1445
 20
-86.39499999999998
 30
0.0
 40
0.4999999999999894
100
AcDbArc
 50
90.0
 51
180.0
  0
ARC
  5
1B5
330
70
100
AcDbEntity
  8
HADE Julie60 True EC split bs v1_julier2-ec plate v1_0
100
AcDbCircle
 10
270.3820000000001
 20
-80.34499999999999
 30
0.0
 40
0.4999999999999716
100
AcDbArc
 50
180.0
 51
270.0
  0
ARC
  5
1B6
330
70
100
AcDbEntity
  8
HADE Julie60 True EC split bs v1_julier2-ec plate v1_0
100
AcDbCircle
 10
164.9194990000001
 20
-118.444999
 30
0.0
 40
0.5000010000009834
100
AcDbArc
 50
270.000114591323
 51
359.9998854086737
  0
CIRCLE
  5
1B7
330
70
100
AcDbEntity
  8
HADE Julie60 True EC split bs v1_julier2-ec plate v1_0
100
AcDbCircle
 10
267.657
 20
-73.84499999999997
 30
0.0
 40
1.0
  0
CIRCLE
  5
1B8
330
70
100
AcDbEntity
  8
HADE Julie60 True EC split bs v1_julier2-ec plate v1_0
100
AcDbCircle
 10
294.4707500000001
 20
-93.24499999999998
 30
0.0
 40
0.9999999999999987
  0
ARC
  5
1B9
330
70
100
AcDbEntity
  8
HADE Julie60 True EC split bs v1_julier2-ec plate v1_0
100
AcDbCircle
 10
184.657
 20
-48.29499999999999
 30
0.0
 40
0.4999999999999894
100
AcDbArc
 50
89.99999999999674
 51
179.9999999999975
  0
ARC
  5
1BA
330
70
100
AcDbEntity
  8
HADE Julie60 True EC split bs v1_julier2-ec plate v1_0
100
AcDbCircle
 10
198.9445
 20
-86.39499999999998
 30
0.0
 40
0.5000000000000071
100
AcDbArc
 50
90.0
 51
180.0
  0
LINE
  5
1BB
330
70
100
AcDbEntity
  8
HADE Julie60 True EC split bs v1_julier2-ec plate v1_0
100
AcDbLine
 10
288.7445
 20
-85.89499999999999
 30
0.0
 11
275.1445
 21
-85.89499999999999
 31
0.0
  0
LINE
  5
1BC
330
70
100
AcDbEntity
  8
HADE Julie60 True EC split bs v1_julier2-ec plate v1_0
100
AcDbLine
 10
126.8195
 20
-104.945
 30
0.0
 11
113.2195
 21
-104.945
 31
0.0
  0
CIRCLE
  5
1BD
330
70
100
AcDbEntity
  8
HADE Julie60 True EC split bs v1_julier2-ec plate v1_0
100
AcDbCircle
 10
81.91950000000003
 20
-35.74499999999999
 30
0.0
 40
1.0
  0
ARC
  5
1BE
330
70
100
AcDbEntity
  8
HADE Julie60 True EC split bs v1_julier2-ec plate v1_0
100
AcDbCircle
 10
156.082
 20
-80.34500000000003
 30
0.0
 40
0.4999999999999716
100
AcDbArc
 50
179.9999999999967
 51
270.0
  0
CIRCLE
  5
1BF
330
70
100
AcDbEntity
  8
HADE Julie60 True EC split bs v1_julier2-ec plate v1_0
100
AcDbCircle
 10
59.29762500000002
 20
-35.74499999999999
 30
0.0
 40
1.0
  0
CIRCLE
  5
1C0
330
70
100
AcDbEntity
  8
HADE Julie60 True EC split bs v1_julier2-ec plate v1_0
100
AcDbCircle
 10
81.91950000000003
 20
-35.74499999999999
 30
0.0
 40
1.0
  0
ARC
  5
1C1
330
70
100
AcDbEntity
  8
HADE Julie60 True EC split bs v1_julier2-ec plate v1_0
100
AcDbCircle
 10
79.19449900000002
 20
-86.39500100000004
 30
0.0
 40
0.5000010000010188
100
AcDbArc
 50
0.0001145913344394
 51
89.99988540866883
  0
LINE
  5
1C2
330
70
100
AcDbEntity
  8
HADE Julie60 True EC split bs v1_julier2-ec plate v1_0
100
AcDbLine
 10
71.72575000000006
 20
-80.32000000000001
 30
0.0
 11
71.72575000000006
 21
-68.602
 31
0.0
  0
ARC
  5
1C3
330
70
100
AcDbEntity
  8
HADE Julie60 True EC split bs v1_julier2-ec plate v1_0
100
AcDbCircle
 10
71.22574900000002
 20
-80.31999899999997
 30
0.0
 40
0.5000010000010366
100
AcDbArc
 50
270.0001145913311
 51
359.9998854086656
  0
LINE
  5
1C4
330
70
100
AcDbEntity
  8
HADE Julie60 True EC split bs v1_julier2-ec plate v1_0
100
AcDbLine
 10
165.4195000000001
 20
-118.445
 30
0.0
 11
165.4195000000001
 21
-105.445
 31
0.0
  0
LINE
  5
1C5
330
70
100
AcDbEntity
  8
HADE Julie60 True EC split bs v1_julier2-ec plate v1_0
100
AcDbLine
 10
164.9195
 20
-104.945
 30
0.0
 11
151.3195
 21
-104.945
 31
0.0
  0
LINE
  5
1C6
330
70
100
AcDbEntity
  8
HADE Julie60 True EC split bs v1_julier2-ec plate v1_0
100
AcDbLine
 10
312.557
 20
-85.89499999999999
 30
0.0
 11
298.957
 21
-85.89499999999999
 31
0.0
  0
ARC
  5
1C7
330
70
100
AcDbEntity
  8
HADE Julie60 True EC split bs v1_julier2-ec plate v1_0
100
AcDbCircle
 10
55.38199900000009
 20
-42.24499899999996
 30
0.0
 40
0.5000010000010544
100
AcDbArc
 50
270.000114591323
 51
359.9998854086639
  0
ARC
  5
1C8
330
70
100
AcDbEntity
  8
HADE Julie60 True EC split bs v1_julier2-ec plate v1_0
100
AcDbCircle
 10
151.3195
 20
-105.445
 30
0.0
 40
0.4999999999999894
100
AcDbArc
 50
90.0
 51
180.0000000000016
  0
LINE
  5
1C9
330
70
100
AcDbEntity
  8
HADE Julie60 True EC split bs v1_julier2-ec plate v1_0
100
AcDbLine
 10
113.7195
 20
-28.79500000000002
 30
0.0
 11
126.3195
 21
-28.79499999999995
 31
0.0
  0
ARC
  5
1CA
330
70
100
AcDbEntity
  8
HADE Julie60 True EC split bs v1_julier2-ec plate v1_0
100
AcDbCircle
 10
317.3194990000001
 20
-105.445001
 30
0.0
 40
0.5000010000009834
100
AcDbArc
 50
0.0001145913311825
 51
89.99988540867045
  0
ARC
  5
1CB
330
70
100
AcDbEntity
  8
HADE Julie60 True EC split bs v1_julier2-ec plate v1_0
100
AcDbCircle
 10
113.2195
 20
-118.445
 30
0.0
 40
0.5000000000000071
100
AcDbArc
 50
180.0
 51
269.9999999999951
  0
ARC
  5
1CC
330
70
100
AcDbEntity
  8
HADE Julie60 True EC split bs v1_julier2-ec plate v1_0
100
AcDbCircle
 10
269.6944990000001
 20
-99.39499900000001
 30
0.0
 40
0.5000010000009834
100
AcDbArc
 50
270.0001145913295
 51
359.9998854086705
  0
ARC
  5
1CD
330
70
100
AcDbEntity
  8
HADE Julie60 True EC split bs v1_julier2-ec plate v1_0
100
AcDbCircle
 10
155.3944990000001
 20
-86.39500099999997
 30
0.0
 40
0.5000010000009122
100
AcDbArc
 50
0.0001145913230403
 51
89.99988540868022
  0
ARC
  5
1CE
330
70
100
AcDbEntity
  8
HADE Julie60 True EC split bs v1_julier2-ec plate v1_0
100
AcDbCircle
 10
41.78200000000003
 20
-42.24499999999995
 30
0.0
 40
0.5000000000000693
100
AcDbArc
 50
180.0000000000081
 51
270.0
  0
CIRCLE
  5
1CF
330
70
100
AcDbEntity
  8
HADE Julie60 True EC split bs v1_julier2-ec plate v1_0
100
AcDbCircle
 10
59.61830000000007
 20
-93.24500000000002
 30
0.0
 40
1.000000000000011
  0
ARC
  5
1D0
330
70
100
AcDbEntity
  8
HADE Julie60 True EC split bs v1_julier2-ec plate v1_0
100
AcDbCircle
 10
55.38199900000002
 20
-86.39500100000004
 30
0.0
 40
0.5000010000010188
100
AcDbArc
 50
0.0001145913311825
 51
89.99988540866883
  0
LINE
  5
1D1
330
70
100
AcDbEntity
  8
HADE Julie60 True EC split bs v1_julier2-ec plate v1_0
100
AcDbLine
 10
274.6445
 20
-29.245
 30
0.0
 11
274.6445
 21
-42.24499999999999
 31
0.0
  0
ARC
  5
1D2
330
70
100
AcDbEntity
  8
HADE Julie60 True EC split bs v1_julier2-ec plate v1_0
100
AcDbCircle
 10
193.494499
 20
-99.39499900000001
 30
0.0
 40
0.5000010000009834
100
AcDbArc
 50
270.0001145913328
 51
359.9998854086688
  0
LINE
  5
1D3
330
70
100
AcDbEntity
  8
HADE Julie60 True EC split bs v1_julier2-ec plate v1_0
100
AcDbLine
 10
198.4445
 20
-86.39499999999998
 30
0.0
 11
198.4445
 21
-99.39500000000002
 31
0.0
  0
CIRCLE
  5
1D4
330
70
100
AcDbEntity
  8
HADE Julie60 True EC split bs v1_julier2-ec plate v1_0
100
AcDbCircle
 10
39.05700000000006
 20
-92.89500000000002
 30
0.0
 40
1.0
  0
ARC
  5
1D5
330
70
100
AcDbEntity
  8
HADE Julie60 True EC split bs v1_julier2-ec plate v1_0
100
AcDbCircle
 10
275.1445
 20
-29.24499999999998
 30
0.0
 40
0.500000000000016
100
AcDbArc
 50
90.0
 51
180.000000000002
  0
ARC
  5
1D6
330
70
100
AcDbEntity
  8
HADE Julie60 True EC split bs v1_julier2-ec plate v1_0
100
AcDbCircle
 10
89.40700000000004
 20
-29.24500000000014
 30
0.0
 40
0.5000000000001315
100
AcDbArc
 50
90.00000000000488
 51
179.9999999999878
  0
LINE
  5
1D7
330
70
100
AcDbEntity
  8
HADE Julie60 True EC split bs v1_julier2-ec plate v1_0
100
AcDbLine
 10
265.1195000000001
 20
-105.445
 30
0.0
 11
265.1195000000001
 21
-118.445
 31
0.0
  0
LINE
  5
1D8
330
70
100
AcDbEntity
  8
HADE Julie60 True EC split bs v1_julier2-ec plate v1_0
100
AcDbLine
 10
39.72575000000006
 20
-68.602
 30
0.0
 11
39.72575000000006
 21
-80.32000000000001
 31
0.0
  0
ARC
  5
1D9
330
70
100
AcDbEntity
  8
HADE Julie60 True EC split bs v1_julier2-ec plate v1_0
100
AcDbCircle
 10
79.194499
 20
-42.24499899999996
 30
0.0
 40
0.5000010000010366
100
AcDbArc
 50
270.0001145913361
 51
359.9998854086639
  0
ARC
  5
1DA
330
70
100
AcDbEntity
  8
HADE Julie60 True EC split bs v1_julier2-ec plate v1_0
100
AcDbCircle
 10
131.581999
 20
-80.34499900000005
 30
0.0
 40
0.5000010000009478
100
AcDbArc
 50
270.0001145913295
 51
359.999885408677
  0
ARC
  5
1DB
330
70
100
AcDbEntity
  8
HADE Julie60 True EC split bs v1_julier2-ec plate v1_0
100
AcDbCircle
 10
79.88200000000003
 20
-67.345
 30
0.0
 40
0.5000000000000071
100
AcDbArc
 50
89.99999999999674
 51
180.0
  0
LINE
  5
1DC
330
70
100
AcDbEntity
  8
HADE Julie60 True EC split bs v1_julier2-ec plate v1_0
100
AcDbLine
 10
155.3945
 20
-85.89499999999999
 30
0.0
 11
141.7945
 21
-85.89499999999999
 31
0.0
  0
ARC
  5
1DD
330
70
100
AcDbEntity
  8
HADE Julie60 True EC split bs v1_julier2-ec plate v1_0
100
AcDbCircle
 10
169.681999
 20
-80.344999
 30
0.0
 40
0.5000010000010011
100
AcDbArc
 50
270.0001145913328
 51
359.9998854086705
  0
ARC
  5
1DE
330
70
100
AcDbEntity
  8
HADE Julie60 True EC split bs v1_julier2-ec plate v1_0
100
AcDbCircle
 10
288.744499
 20
-42.24499899999996
 30
0.0
 40
0.5000010000010011
100
AcDbArc
 50
270.0001145913295
 51
359.9998854086688
  0
ARC
  5
1DF
330
70
100
AcDbEntity
  8
HADE Julie60 True EC split bs v1_julier2-ec plate v1_0
100
AcDbCircle
 10
145.869499
 20
-118.444999
 30
0.0
 40
0.5000010000009834
100
AcDbArc
 50
270.0001145913328
 51
359.9998854086705
  0
ARC
  5
1E0
330
70
100
AcDbEntity
  8
HADE Julie60 True EC split bs v1_julier2-ec plate v1_0
100
AcDbCircle
 10
275.1445
 20
-29.24499999999998
 30
0.0
 40
0.500000000000016
100
AcDbArc
 50
90.0
 51
180.000000000002
  0
LINE
  5
1E1
330
70
100
AcDbEntity
  8
HADE Julie60 True EC split bs v1_julier2-ec plate v1_0
100
AcDbLine
 10
169.8695
 20
-105.445
 30
0.0
 11
169.8695
 21
-118.445
 31
0.0
  0
LINE
  5
1E2
330
70
100
AcDbEntity
  8
HADE Julie60 True EC split bs v1_julier2-ec plate v1_0
100
AcDbLine
 10
198.9445
 20
-99.89499999999999
 30
0.0
 11
212.5445
 21
-99.89500000000001
 31
0.0
  0
LINE
  5
1E3
330
70
100
AcDbEntity
  8
HADE Julie60 True EC split bs v1_julier2-ec plate v1_0
100
AcDbLine
 10
79.19450000000004
 20
-28.74500000000001
 30
0.0
 11
65.59450000000001
 21
-28.74500000000001
 31
0.0
  0
LINE
  5
1E4
330
70
100
AcDbEntity
  8
HADE Julie60 True EC split bs v1_julier2-ec plate v1_0
100
AcDbLine
 10
136.8445
 20
-99.39500000000002
 30
0.0
 11
136.8445
 21
-86.39499999999999
 31
0.0
  0
ARC
  5
1E5
330
70
100
AcDbEntity
  8
HADE Julie60 True EC split bs v1_julier2-ec plate v1_0
100
AcDbCircle
 10
65.59450000000001
 20
-42.24499999999998
 30
0.0
 40
0.5000000000000071
100
AcDbArc
 50
180.0000000000057
 51
269.9999999999968
  0
ARC
  5
1E6
330
70
100
AcDbEntity
  8
HADE Julie60 True EC split bs v1_julier2-ec plate v1_0
100
AcDbCircle
 10
279.219499
 20
-118.444999
 30
0.0
 40
0.5000010000010011
100
AcDbArc
 50
270.000114591323
 51
359.9998854086705
  0
ARC
  5
1E7
330
70
100
AcDbEntity
  8
HADE Julie60 True EC split bs v1_julier2-ec plate v1_0
100
AcDbCircle
 10
179.8945
 20
-99.39500000000002
 30
0.0
 40
0.5000000000000071
100
AcDbArc
 50
180.0
 51
270.0
  0
LINE
  5
1E8
330
70
100
AcDbEntity
  8
HADE Julie60 True EC split bs v1_julier2-ec plate v1_0
100
AcDbLine
 10
79.19450000000004
 20
-28.74500000000001
 30
0.0
 11
65.59450000000001
 21
-28.74500000000001
 31
0.0
  0
LINE
  5
1E9
330
70
100
AcDbEntity
  8
HADE Julie60 True EC split bs v1_julier2-ec plate v1_0
100
AcDbLine
 10
40.22575000000002
 20
-80.82000000000002
 30
0.0
 11
71.22575000000003
 21
-80.82
 31
0.0
  0
LINE
  5
1EA
330
70
100
AcDbEntity
  8
HADE Julie60 True EC split bs v1_julier2-ec plate v1_0
100
AcDbLine
 10
131.7695
 20
-105.445
 30
0.0
 11
131.7695
 21
-118.445
 31
0.0
  0
LINE
  5
1EB
330
70
100
AcDbEntity
  8
HADE Julie60 True EC split bs v1_julier2-ec plate v1_0
100
AcDbLine
 10
103.6945
 20
-99.89499999999999
 30
0.0
 11
117.2945
 21
-99.89500000000001
 31
0.0
  0
ARC
  5
1EC
330
70
100
AcDbEntity
  8
HADE Julie60 True EC split bs v1_julier2-ec plate v1_0
100
AcDbCircle
 10
203.707
 20
-61.295
 30
0.0
 40
0.5000000000000427
100
AcDbArc
 50
180.0
 51
270.0
  0
LINE
  5
1ED
330
70
100
AcDbEntity
  8
HADE Julie60 True EC split bs v1_julier2-ec plate v1_0
100
AcDbLine
 10
303.7195
 20
-118.945
 30
0.0
 11
317.3195000000001
 21
-118.945
 31
0.0
  0
ARC
  5
1EE
330
70
100
AcDbEntity
  8
HADE Julie60 True EC split bs v1_julier2-ec plate v1_0
100
AcDbCircle
 10
65.59449999999998
 20
-29.245
 30
0.0
 40
0.4999999999999894
100
AcDbArc
 50
89.99999999999674
 51
180.000000000004
  0
LINE
  5
1EF
330
70
100
AcDbEntity
  8
HADE Julie60 True EC split bs v1_julier2-ec plate v1_0
100
AcDbLine
 10
146.3695
 20
-118.445
 30
0.0
 11
146.3695
 21
-105.445
 31
0.0
  0
ARC
  5
1F0
330
70
100
AcDbEntity
  8
HADE Julie60 True EC split bs v1_julier2-ec plate v1_0
100
AcDbCircle
 10
151.3195
 20
-118.445
 30
0.0
 40
0.5000000000000071
100
AcDbArc
 50
179.9999999999984
 51
269.9999999999935
  0
LINE
  5
1F1
330
70
100
AcDbEntity
  8
HADE Julie60 True EC split bs v1_julier2-ec plate v1_0
100
AcDbLine
 10
198.257
 20
-47.79500000000002
 30
0.0
 11
184.657
 21
-47.795
 31
0.0
  0
CIRCLE
  5
1F2
330
70
100
AcDbEntity
  8
HADE Julie60 True EC split bs v1_julier2-ec plate v1_0
100
AcDbCircle
 10
281.9445000000001
 20
-111.945
 30
0.0
 40
1.0
  0
LINE
  5
1F3
330
70
100
AcDbEntity
  8
HADE Julie60 True EC split bs v1_julier2-ec plate v1_0
100
AcDbLine
 10
55.38200000000003
 20
-85.89500000000002
 30
0.0
 11
41.78200000000003
 21
-85.89500000000002
 31
0.0
  0
ARC
  5
1F4
330
70
100
AcDbEntity
  8
HADE Julie60 True EC split bs v1_julier2-ec plate v1_0
100
AcDbCircle
 10
41.78199999999995
 20
-29.24500000000002
 30
0.0
 40
0.5000000000000071
100
AcDbArc
 50
89.99999999999186
 51
180.000000000002
  0
ARC
  5
1F5
330
70
100
AcDbEntity
  8
HADE Julie60 True EC split bs v1_julier2-ec plate v1_0
100
AcDbCircle
 10
188.731999
 20
-80.34499899999998
 30
0.0
 40
0.5000010000010188
100
AcDbArc
 50
270.0001145913328
 51
359.9998854086688
  0
ARC
  5
1F6
330
70
100
AcDbEntity
  8
HADE Julie60 True EC split bs v1_julier2-ec plate v1_0
100
AcDbCircle
 10
65.59450000000001
 20
-42.24499999999998
 30
0.0
 40
0.5000000000000071
100
AcDbArc
 50
180.0000000000057
 51
269.9999999999968
  0
ARC
  5
1F7
330
70
100
AcDbEntity
  8
HADE Julie60 True EC split bs v1_julier2-ec plate v1_0
100
AcDbCircle
 10
275.1445
 20
-42.24499999999998
 30
0.0
 40
0.5000000000000071
100
AcDbArc
 50
180.0000000000008
 51
270.0
  0
ARC
  5
1F8
330
70
100
AcDbEntity
  8
HADE Julie60 True EC split bs v1_julier2-ec plate v1_0
100
AcDbCircle
 10
298.957
 20
-42.24499999999998
 30
0.0
 40
0.5000000000000071
100
AcDbArc
 50
180.0000000000024
 51
270.0
  0
ARC
  5
1F9
330
70
100
AcDbEntity
  8
HADE Julie60 True EC split bs v1_julier2-ec plate v1_0
100
AcDbCircle
 10
41.78200000000003
 20
-42.24499999999995
 30
0.0
 40
0.5000000000000693
100
AcDbArc
 50
180.0000000000081
 51
270.0
  0
ARC
  5
1FA
330
70
100
AcDbEntity
  8
HADE Julie60 True EC split bs v1_julier2-ec plate v1_0
100
AcDbCircle
 10
132.2695
 20
-105.4449999999999
 30
0.0
 40
0.4999999999999539
100
AcDbArc
 50
89.99999999999674
 51
180.0000000000081
  0
CIRCLE
  5
1FB
330
70
100
AcDbEntity
  8
HADE Julie60 True EC split bs v1_julier2-ec plate v1_0
100
AcDbCircle
 10
271.228875
 20
-35.74499999999997
 30
0.0
 40
1.0
  0
ARC
  5
1FC
330
70
100
AcDbEntity
  8
HADE Julie60 True EC split bs v1_julier2-ec plate v1_0
100
AcDbCircle
 10
236.3569990000001
 20
-48.29500099999997
 30
0.0
 40
0.5000010000009834
100
AcDbArc
 50
0.0001145913311825
 51
89.9998854086672
  0
LINE
  5
1FD
330
70
100
AcDbEntity
  8
HADE Julie60 True EC split bs v1_julier2-ec plate v1_0
100
AcDbLine
 10
298.957
 20
-99.89499999999999
 30
0.0
 11
312.557
 21
-99.89499999999999
 31
0.0
  0
ARC
  5
1FE
330
70
100
AcDbEntity
  8
HADE Julie60 True EC split bs v1_julier2-ec plate v1_0
100
AcDbCircle
 10
132.2695
 20
-118.445
 30
0.0
 40
0.5000000000000071
100
AcDbArc
 50
179.9999999999984
 51
270.0
  0
ARC
  5
1FF
330
70
100
AcDbEntity
  8
HADE Julie60 True EC split bs v1_julier2-ec plate v1_0
100
AcDbCircle
 10
117.294499
 20
-86.39500100000004
 30
0.0
 40
0.5000010000010188
100
AcDbArc
 50
0.0001145913311825
 51
89.99988540866883
  0
CIRCLE
  5
200
330
70
100
AcDbEntity
  8
HADE Julie60 True EC split bs v1_julier2-ec plate v1_0
100
AcDbCircle
 10
271.228875
 20
-35.74499999999997
 30
0.0
 40
1.0
  0
LINE
  5
201
330
70
100
AcDbEntity
  8
HADE Julie60 True EC split bs v1_julier2-ec plate v1_0
100
AcDbLine
 10
151.3194999999999
 20
-118.945
 30
0.0
 11
164.9195
 21
-118.945
 31
0.0
  0
LINE
  5
202
330
70
100
AcDbEntity
  8
HADE Julie60 True EC split bs v1_julier2-ec plate v1_0
100
AcDbLine
 10
260.6695000000001
 20
-118.445
 30
0.0
 11
260.6695000000001
 21
-105.445
 31
0.0
  0
LINE
  5
203
330
70
100
AcDbEntity
  8
HADE Julie60 True EC split bs v1_julier2-ec plate v1_0
100
AcDbLine
 10
41.78200000000003
 20
-42.74500000000003
 30
0.0
 11
55.38200000000003
 21
-42.74500000000002
 31
0.0
  0
ARC
  5
204
330
70
100
AcDbEntity
  8
HADE Julie60 True EC split bs v1_julier2-ec plate v1_0
100
AcDbCircle
 10
122.7445
 20
-99.39500000000002
 30
0.0
 40
0.5000000000000071
100
AcDbArc
 50
180.0
 51
270.0
  0
LINE
  5
205
330
70
100
AcDbEntity
  8
HADE Julie60 True EC split bs v1_julier2-ec plate v1_0
100
AcDbLine
 10
184.657
 20
-61.79499999999999
 30
0.0
 11
198.257
 21
-61.79499999999999
 31
0.0
  0
CIRCLE
  5
206
330
70
100
AcDbEntity
  8
HADE Julie60 True EC split bs v1_julier2-ec plate v1_0
100
AcDbCircle
 10
167.6445
 20
-111.945
 30
0.0
 40
1.0
  0
ARC
  5
207
330
70
100
AcDbEntity
  8
HADE Julie60 True EC split bs v1_julier2-ec plate v1_0
100
AcDbCircle
 10
298.957
 20
-29.24499999999996
 30
0.0
 40
0.4999999999999983
100
AcDbArc
 50
90.0
 51
180.000000000004
  0
LINE
  5
208
330
70
100
AcDbEntity
  8
HADE Julie60 True EC split bs v1_julier2-ec plate v1_0
100
AcDbLine
 10
279.2195
 20
-104.945
 30
0.0
 11
265.6195
 21
-104.945
 31
0.0
  0
LINE
  5
209
330
70
100
AcDbEntity
  8
HADE Julie60 True EC split bs v1_julier2-ec plate v1_0
100
AcDbLine
 10
156.082
 20
-80.845
 30
0.0
 11
169.682
 21
-80.845
 31
0.0
  0
LINE
  5
20A
330
70
100
AcDbEntity
  8
HADE Julie60 True EC split bs v1_julier2-ec plate v1_0
100
AcDbLine
 10
76.81071200000006
 20
-47.79495199999999
 30
0.0
 11
63.21071200000005
 21
-47.79495200000001
 31
0.0
  0
LINE
  5
20B
330
70
100
AcDbEntity
  8
HADE Julie60 True EC split bs v1_julier2-ec plate v1_0
100
AcDbLine
 10
65.0945
 20
-29.24500000000004
 30
0.0
 11
65.09450000000001
 21
-42.24500000000003
 31
0.0
  0
ARC
  5
20C
330
70
100
AcDbEntity
  8
HADE Julie60 True EC split bs v1_julier2-ec plate v1_0
100
AcDbCircle
 10
260.169499
 20
-105.445001
 30
0.0
 40
0.5000010000010544
100
AcDbArc
 50
0.0001145913311825
 51
89.99988540867045
  0
ARC
  5
20D
330
70
100
AcDbEntity
  8
HADE Julie60 True EC split bs v1_julier2-ec plate v1_0
100
AcDbCircle
 10
150.631999
 20
-80.34499899999998
 30
0.0
 40
0.5000010000010366
100
AcDbArc
 50
270.0001145913361
 51
359.9998854086639
  0
LINE
  5
20E
330
70
100
AcDbEntity
  8
HADE Julie60 True EC split bs v1_julier2-ec plate v1_0
100
AcDbLine
 10
227.5261
 20
-29.29500000000001
 30
0.0
 11
227.5261
 21
-42.19500000000002
 31
0.0
  0
ARC
  5
20F
330
70
100
AcDbEntity
  8
HADE Julie60 True EC split bs v1_julier2-ec plate v1_0
100
AcDbCircle
 10
89.40699999999997
 20
-48.29499999999995
 30
0.0
 40
0.4999999999999361
100
AcDbArc
 50
89.99999999999186
 51
180.000000000004
  0
LINE
  5
210
330
70
100
AcDbEntity
  8
HADE Julie60 True EC split bs v1_julier2-ec plate v1_0
100
AcDbLine
 10
113.2195
 20
-118.945
 30
0.0
 11
126.8194999999999
 21
-118.9449999999999
 31
0.0
  0
ARC
  5
211
330
70
100
AcDbEntity
  8
HADE Julie60 True EC split bs v1_julier2-ec plate v1_0
100
AcDbCircle
 10
41.78199999999999
 20
-86.39499999999998
 30
0.0
 40
0.4999999999999539
100
AcDbArc
 50
89.99999999999593
 51
180.0000000000065
  0
ARC
  5
212
330
70
100
AcDbEntity
  8
HADE Julie60 True EC split bs v1_julier2-ec plate v1_0
100
AcDbCircle
 10
317.3194990000001
 20
-118.444999
 30
0.0
 40
0.5000010000010011
100
AcDbArc
 50
270.0001145913295
 51
359.9998854086705
  0
ARC
  5
213
330
70
100
AcDbEntity
  8
HADE Julie60 True EC split bs v1_julier2-ec plate v1_0
100
AcDbCircle
 10
275.1445
 20
-99.39499999999998
 30
0.0
 40
0.4999999999999716
100
AcDbArc
 50
180.0
 51
270.0
  0
LINE
  5
214
330
70
100
AcDbEntity
  8
HADE Julie60 True EC split bs v1_julier2-ec plate v1_0
100
AcDbLine
 10
298.4570000000001
 20
-86.39499999999998
 30
0.0
 11
298.4570000000001
 21
-99.39499999999998
 31
0.0
  0
LINE
  5
215
330
70
100
AcDbEntity
  8
HADE Julie60 True EC split bs v1_julier2-ec plate v1_0
100
AcDbLine
 10
260.3570000000001
 20
-48.29499999999997
 30
0.0
 11
260.357
 21
-61.29499999999998
 31
0.0
  0
CIRCLE
  5
216
330
70
100
AcDbEntity
  8
HADE Julie60 True EC split bs v1_julier2-ec plate v1_0
100
AcDbCircle
 10
295.0413750000001
 20
-35.74499999999997
 30
0.0
 40
1.0
  0
LINE
  5
217
330
70
100
AcDbEntity
  8
HADE Julie60 True EC split bs v1_julier2-ec plate v1_0
100
AcDbLine
 10
284.1695000000001
 20
-105.445
 30
0.0
 11
284.1695000000001
 21
-118.445
 31
0.0
  0
ARC
  5
218
330
70
100
AcDbEntity
  8
HADE Julie60 True EC split bs v1_julier2-ec plate v1_0
100
AcDbCircle
 10
145.869499
 20
-105.445001
 30
0.0
 40
0.5000010000009834
100
AcDbArc
 50
0.0001145913311825
 51
89.99988540866395
  0
CIRCLE
  5
219
330
70
100
AcDbEntity
  8
HADE Julie60 True EC split bs v1_julier2-ec plate v1_0
100
AcDbCircle
 10
59.61830000000007
 20
-93.24500000000002
 30
0.0
 40
1.000000000000011
  0
CIRCLE
  5
21A
330
70
100
AcDbEntity
  8
HADE Julie60 True EC split bs v1_julier2-ec plate v1_0
100
AcDbCircle
 10
72.12575000000002
 20
-66.64500000000001
 30
0.0
 40
1.0
  0
ARC
  5
21B
330
70
100
AcDbEntity
  8
HADE Julie60 True EC split bs v1_julier2-ec plate v1_0
100
AcDbCircle
 10
312.557
 20
-99.39499999999997
 30
0.0
 40
0.5000000000000249
100
AcDbArc
 50
270.0
 51
0.0
  0
ARC
  5
21C
330
70
100
AcDbEntity
  8
HADE Julie60 True EC split bs v1_julier2-ec plate v1_0
100
AcDbCircle
 10
193.494499
 20
-86.39500099999997
 30
0.0
 40
0.5000010000009834
100
AcDbArc
 50
0.000114591329554
 51
89.99988540867045
  0
LINE
  5
21D
330
70
100
AcDbEntity
  8
HADE Julie60 True EC split bs v1_julier2-ec plate v1_0
100
AcDbLine
 10
63.21071200000005
 20
-61.79495200000001
 30
0.0
 11
76.81071200000006
 21
-61.79495200000001
 31
0.0
  0
LINE
  5
21E
330
70
100
AcDbEntity
  8
HADE Julie60 True EC split bs v1_julier2-ec plate v1_0
100
AcDbLine
 10
289.2445
 20
-42.24499999999998
 30
0.0
 11
289.2445
 21
-29.245
 31
0.0
  0
ARC
  5
21F
330
70
100
AcDbEntity
  8
HADE Julie60 True EC split bs v1_julier2-ec plate v1_0
100
AcDbCircle
 10
164.9194990000001
 20
-105.445001
 30
0.0
 40
0.5000010000010188
100
AcDbArc
 50
0.0001145913311825
 51
89.99988540868022
  0
LINE
  5
220
330
70
100
AcDbEntity
  8
HADE Julie60 True EC split bs v1_julier2-ec plate v1_0
100
AcDbLine
 10
150.8195
 20
-105.445
 30
0.0
 11
150.8195
 21
-118.445
 31
0.0
  0
ARC
  5
221
330
70
100
AcDbEntity
  8
HADE Julie60 True EC split bs v1_julier2-ec plate v1_0
100
AcDbCircle
 10
284.6695
 20
-105.445
 30
0.0
 40
0.4999999999999894
100
AcDbArc
 50
90.0
 51
180.0
  0
ARC
  5
222
330
70
100
AcDbEntity
  8
HADE Julie60 True EC split bs v1_julier2-ec plate v1_0
100
AcDbCircle
 10
76.81071100000005
 20
-48.29495299999997
 30
0.0
 40
0.5000010000009834
100
AcDbArc
 50
0.0001145913271114
 51
89.99988540866883
  0
LINE
  5
223
330
70
100
AcDbEntity
  8
HADE Julie60 True EC split bs v1_julier2-ec plate v1_0
100
AcDbLine
 10
274.457
 20
-47.79499999999997
 30
0.0
 11
260.857
 21
-47.79500000000001
 31
0.0
  0
LINE
  5
224
330
70
100
AcDbEntity
  8
HADE Julie60 True EC split bs v1_julier2-ec plate v1_0
100
AcDbLine
 10
175.132
 20
-80.845
 30
0.0
 11
188.732
 21
-80.845
 31
0.0
  0
ARC
  5
225
330
70
100
AcDbEntity
  8
HADE Julie60 True EC split bs v1_julier2-ec plate v1_0
100
AcDbCircle
 10
41.78199999999995
 20
-29.24500000000002
 30
0.0
 40
0.5000000000000071
100
AcDbArc
 50
89.99999999999186
 51
180.000000000002
  0
CIRCLE
  5
226
330
70
100
AcDbEntity
  8
HADE Julie60 True EC split bs v1_julier2-ec plate v1_0
100
AcDbCircle
 10
191.457
 20
-73.845
 30
0.0
 40
1.000000000000001
  0
ARC
  5
227
330
70
100
AcDbEntity
  8
HADE Julie60 True EC split bs v1_julier2-ec plate v1_0
100
AcDbCircle
 10
126.819499
 20
-118.444999
 30
0.0
 40
0.5000010000009655
100
AcDbArc
 50
270.0001145913279
 51
359.9998854086705
  0
LINE
  5
228
330
70
100
AcDbEntity
  8
HADE Julie60 True EC split bs v1_julier2-ec plate v1_0
100
AcDbLine
 10
256.0945
 20
-99.89499999999999
 30
0.0
 11
269.6945000000001
 21
-99.89499999999999
 31
0.0
  0
LINE
  5
229
330
70
100
AcDbEntity
  8
HADE Julie60 True EC split bs v1_julier2-ec plate v1_0
100
AcDbLine
 10
217.8070000000001
 20
-61.29499999999999
 30
0.0
 11
217.807
 21
-48.29499999999999
 31
0.0
  0
LINE
  5
22A
330
70
100
AcDbEntity
  8
HADE Julie60 True EC split bs v1_julier2-ec plate v1_0
100
AcDbLine
 10
275.1445
 20
-99.89499999999999
 30
0.0
 11
288.7445000000001
 21
-99.89499999999999
 31
0.0
  0
LINE
  5
22B
330
70
100
AcDbEntity
  8
HADE Julie60 True EC split bs v1_julier2-ec plate v1_0
100
AcDbLine
 10
41.28199999999996
 20
-29.24500000000004
 30
0.0
 11
41.28199999999996
 21
-42.24500000000002
 31
0.0
  0
ARC
  5
22C
330
70
100
AcDbEntity
  8
HADE Julie60 True EC split bs v1_julier2-ec plate v1_0
100
AcDbCircle
 10
288.744499
 20
-29.24500099999999
 30
0.0
 40
0.5000010000010188
100
AcDbArc
 50
0.0001145913291469
 51
89.99988540867045
  0
ARC
  5
22D
330
70
100
AcDbEntity
  8
HADE Julie60 True EC split bs v1_julier2-ec plate v1_0
100
AcDbCircle
 10
117.982
 20
-80.34500000000001
 30
0.0
 40
0.5000000000000071
100
AcDbArc
 50
179.9999999999984
 51
270.0
  0
LINE
  5
22E
330
70
100
AcDbEntity
  8
HADE Julie60 True EC split bs v1_julier2-ec plate v1_0
100
AcDbLine
 10
65.0945
 20
-29.24500000000004
 30
0.0
 11
65.09450000000001
 21
-42.24500000000003
 31
0.0
  0
ARC
  5
22F
330
70
100
AcDbEntity
  8
HADE Julie60 True EC split bs v1_julier2-ec plate v1_0
100
AcDbCircle
 10
174.444499
 20
-99.39499900000004
 30
0.0
 40
0.5000010000009478
100
AcDbArc
 50
270.000114591323
 51
359.9998854086737
  0
LINE
  5
230
330
70
100
AcDbEntity
  8
HADE Julie60 True EC split bs v1_julier2-ec plate v1_0
100
AcDbLine
 10
62.71071200000008
 20
-48.294952
 30
0.0
 11
62.71071200000005
 21
-61.294952
 31
0.0
  0
ARC
  5
231
330
70
100
AcDbEntity
  8
HADE Julie60 True EC split bs v1_julier2-ec plate v1_0
100
AcDbCircle
 10
175.132
 20
-80.34500000000003
 30
0.0
 40
0.4999999999999716
100
AcDbArc
 50
179.9999999999967
 51
270.0
  0
ARC
  5
232
330
70
100
AcDbEntity
  8
HADE Julie60 True EC split bs v1_julier2-ec plate v1_0
100
AcDbCircle
 10
283.1132500000001
 20
-61.26999999999998
 30
0.0
 40
0.5000000000000071
100
AcDbArc
 50
180.0000000000016
 51
270.0
  0
LINE
  5
233
330
70
100
AcDbEntity
  8
HADE Julie60 True EC split bs v1_julier2-ec plate v1_0
100
AcDbLine
 10
127.3195
 20
-118.445
 30
0.0
 11
127.3195
 21
-105.445
 31
0.0
  0
ARC
  5
234
330
70
100
AcDbEntity
  8
HADE Julie60 True EC split bs v1_julier2-ec plate v1_0
100
AcDbCircle
 10
175.1320000000001
 20
-67.34500000000003
 30
0.0
 40
0.5000000000000249
100
AcDbArc
 50
90.00000000000325
 51
179.9999999999967
  0
ARC
  5
235
330
70
100
AcDbEntity
  8
HADE Julie60 True EC split bs v1_julier2-ec plate v1_0
100
AcDbCircle
 10
179.8945
 20
-86.39499999999998
 30
0.0
 40
0.5000000000000071
100
AcDbArc
 50
90.0
 51
180.0
  0
ARC
  5
236
330
70
100
AcDbEntity
  8
HADE Julie60 True EC split bs v1_julier2-ec plate v1_0
100
AcDbCircle
 10
65.59449999999998
 20
-29.245
 30
0.0
 40
0.4999999999999894
100
AcDbArc
 50
89.99999999999674
 51
180.000000000004
  0
LINE
  5
237
330
70
100
AcDbEntity
  8
HADE Julie60 True EC split bs v1_julier2-ec plate v1_0
100
AcDbLine
 10
141.7945
 20
-99.89499999999999
 30
0.0
 11
155.3945
 21
-99.89499999999999
 31
0.0
  0
LINE
  5
238
330
70
100
AcDbEntity
  8
HADE Julie60 True EC split bs v1_julier2-ec plate v1_0
100
AcDbLine
 10
207.782
 20
-66.84499999999998
 30
0.0
 11
194.182
 21
-66.84499999999998
 31
0.0
  0
ARC
  5
239
330
70
100
AcDbEntity
  8
HADE Julie60 True EC split bs v1_julier2-ec plate v1_0
100
AcDbCircle
 10
126.819499
 20
-105.445001
 30
0.0
 40
0.5000010000010188
100
AcDbArc
 50
0.0001145913311825
 51
89.99988540866883
  0
ARC
  5
23A
330
70
100
AcDbEntity
  8
HADE Julie60 True EC split bs v1_julier2-ec plate v1_0
100
AcDbCircle
 10
279.219499
 20
-105.445001
 30
0.0
 40
0.5000010000010188
100
AcDbArc
 50
0.000114591329554
 51
89.99988540867697
  0
LINE
  5
23B
330
70
100
AcDbEntity
  8
HADE Julie60 True EC split bs v1_julier2-ec plate v1_0
100
AcDbLine
 10
298.457
 20
-29.245
 30
0.0
 11
298.457
 21
-42.24499999999999
 31
0.0
  0
ARC
  5
23C
330
70
100
AcDbEntity
  8
HADE Julie60 True EC split bs v1_julier2-ec plate v1_0
100
AcDbCircle
 10
63.21071200000012
 20
-48.29495200000007
 30
0.0
 40
0.5000000000000604
100
AcDbArc
 50
90.00000000000733
 51
179.9999999999918
  0
LINE
  5
23D
330
70
100
AcDbEntity
  8
HADE Julie60 True EC split bs v1_julier2-ec plate v1_0
100
AcDbLine
 10
289.2445
 20
-42.24499999999998
 30
0.0
 11
289.2445
 21
-29.245
 31
0.0
  0
LINE
  5
23E
330
70
100
AcDbEntity
  8
HADE Julie60 True EC split bs v1_julier2-ec plate v1_0
100
AcDbLine
 10
65.5945
 20
-42.74499999999998
 30
0.0
 11
79.19450000000006
 21
-42.745
 31
0.0
  0
LINE
  5
23F
330
70
100
AcDbEntity
  8
HADE Julie60 True EC split bs v1_julier2-ec plate v1_0
100
AcDbLine
 10
141.2945
 20
-86.39499999999998
 30
0.0
 11
141.2945
 21
-99.39500000000002
 31
0.0
  0
LINE
  5
240
330
70
100
AcDbEntity
  8
HADE Julie60 True EC split bs v1_julier2-ec plate v1_0
100
AcDbLine
 10
117.7945
 20
-99.39500000000002
 30
0.0
 11
117.7945
 21
-86.39500000000001
 31
0.0
  0
ARC
  5
241
330
70
100
AcDbEntity
  8
HADE Julie60 True EC split bs v1_julier2-ec plate v1_0
100
AcDbCircle
 10
274.456999
 20
-48.29500099999997
 30
0.0
 40
0.5000010000009834
100
AcDbArc
 50
0.0001145913311825
 51
89.99988540867045
  0
ARC
  5
242
330
70
100
AcDbEntity
  8
HADE Julie60 True EC split bs v1_julier2-ec plate v1_0
100
AcDbCircle
 10
298.269499
 20
-105.445001
 30
0.0
 40
0.5000010000009834
100
AcDbArc
 50
0.0001145913311825
 51
89.99988540867045
  0
ARC
  5
243
330
70
100
AcDbEntity
  8
HADE Julie60 True EC split bs v1_julier2-ec plate v1_0
100
AcDbCircle
 10
170.3695
 20
-105.445
 30
0.0
 40
0.5000000000000071
100
AcDbArc
 50
90.0
 51
180.0
  0
ARC
  5
244
330
70
100
AcDbEntity
  8
HADE Julie60 True EC split bs v1_julier2-ec plate v1_0
100
AcDbCircle
 10
137.0319999999999
 20
-80.34500000000001
 30
0.0
 40
0.4999999999999716
100
AcDbArc
 50
179.9999999999984
 51
270.0000000000033
  0
LINE
  5
245
330
70
100
AcDbEntity
  8
HADE Julie60 True EC split bs v1_julier2-ec plate v1_0
100
AcDbLine
 10
317.3195000000002
 20
-104.945
 30
0.0
 11
303.7195
 21
-104.945
 31
0.0
  0
LINE
  5
246
330
70
100
AcDbEntity
  8
HADE Julie60 True EC split bs v1_julier2-ec plate v1_0
100
AcDbLine
 10
203.207
 20
-48.29499999999997
 30
0.0
 11
203.207
 21
-61.29499999999999
 31
0.0
  0
ARC
  5
247
330
70
100
AcDbEntity
  8
HADE Julie60 True EC split bs v1_julier2-ec plate v1_0
100
AcDbCircle
 10
288.744499
 20
-29.24500099999999
 30
0.0
 40
0.5000010000010188
100
AcDbArc
 50
0.0001145913291469
 51
89.99988540867045
  0
ARC
  5
248
330
70
100
AcDbEntity
  8
HADE Julie60 True EC split bs v1_julier2-ec plate v1_0
100
AcDbCircle
 10
179.206999
 20
-61.29499899999999
 30
0.0
 40
0.5000010000010188
100
AcDbArc
 50
270.0001145913295
 51
359.9998854086688
  0
ARC
  5
249
330
70
100
AcDbEntity
  8
HADE Julie60 True EC split bs v1_julier2-ec plate v1_0
100
AcDbCircle
 10
141.7945
 20
-86.39499999999996
 30
0.0
 40
0.4999999999999716
100
AcDbArc
 50
90.0
 51
180.0000000000016
  0
ARC
  5
24A
330
70
100
AcDbEntity
  8
HADE Julie60 True EC split bs v1_julier2-ec plate v1_0
100
AcDbCircle
 10
303.7195
 20
-118.445
 30
0.0
 40
0.499999999999865
100
AcDbArc
 50
180.0
 51
270.0
  0
ARC
  5
24B
330
70
100
AcDbEntity
  8
HADE Julie60 True EC split bs v1_julier2-ec plate v1_0
100
AcDbCircle
 10
189.4195
 20
-105.445
 30
0.0
 40
0.5000000000000071
100
AcDbArc
 50
90.0
 51
180.0
  0
ARC
  5
24C
330
70
100
AcDbEntity
  8
HADE Julie60 True EC split bs v1_julier2-ec plate v1_0
100
AcDbCircle
 10
274.456999
 20
-61.29499899999995
 30
0.0
 40
0.5000010000010188
100
AcDbArc
 50
270.0001145913295
 51
359.9998854086688
  0
LINE
  5
24D
330
70
100
AcDbEntity
  8
HADE Julie60 True EC split bs v1_julier2-ec plate v1_0
100
AcDbLine
 10
65.5945
 20
-42.74499999999998
 30
0.0
 11
79.19450000000006
 21
-42.745
 31
0.0
  0
ARC
  5
24E
330
70
100
AcDbEntity
  8
HADE Julie60 True EC split bs v1_julier2-ec plate v1_0
100
AcDbCircle
 10
84.64450000000002
 20
-99.39500000000002
 30
0.0
 40
0.5000000000000071
100
AcDbArc
 50
180.0
 51
270.0
  0
ARC
  5
24F
330
70
100
AcDbEntity
  8
HADE Julie60 True EC split bs v1_julier2-ec plate v1_0
100
AcDbCircle
 10
260.169499
 20
-118.444999
 30
0.0
 40
0.5000010000010011
100
AcDbArc
 50
270.0001145913295
 51
359.9998854086705
  0
LINE
  5
250
330
70
100
AcDbEntity
  8
HADE Julie60 True EC split bs v1_julier2-ec plate v1_0
100
AcDbLine
 10
298.457
 20
-29.245
 30
0.0
 11
298.457
 21
-42.24499999999999
 31
0.0
  0
LINE
  5
251
330
70
100
AcDbEntity
  8
HADE Julie60 True EC split bs v1_julier2-ec plate v1_0
100
AcDbLine
 10
77.31071200000002
 20
-61.294952
 30
0.0
 11
77.31071200000004
 21
-48.29495200000001
 31
0.0
  0
LINE
  5
252
330
70
100
AcDbEntity
  8
HADE Julie60 True EC split bs v1_julier2-ec plate v1_0
100
AcDbLine
 10
188.732
 20
-66.84499999999998
 30
0.0
 11
175.132
 21
-66.84499999999999
 31
0.0
  0
ARC
  5
253
330
70
100
AcDbEntity
  8
HADE Julie60 True EC split bs v1_julier2-ec plate v1_0
100
AcDbCircle
 10
288.744499
 20
-42.24499899999996
 30
0.0
 40
0.5000010000010011
100
AcDbArc
 50
270.0001145913295
 51
359.9998854086688
  0
LINE
  5
254
330
70
100
AcDbEntity
  8
HADE Julie60 True EC split bs v1_julier2-ec plate v1_0
100
AcDbLine
 10
317.8195000000002
 20
-118.445
 30
0.0
 11
317.8195000000001
 21
-105.445
 31
0.0
  0
ARC
  5
255
330
70
100
AcDbEntity
  8
HADE Julie60 True EC split bs v1_julier2-ec plate v1_0
100
AcDbCircle
 10
288.7444990000001
 20
-99.39499900000001
 30
0.0
 40
0.5000010000009834
100
AcDbArc
 50
270.0001145913295
 51
359.9998854086688
  0
LINE
  5
256
330
70
100
AcDbEntity
  8
HADE Julie60 True EC split bs v1_julier2-ec plate v1_0
100
AcDbLine
 10
137.0319999999999
 20
-80.84499999999998
 30
0.0
 11
150.632
 21
-80.84500000000003
 31
0.0
  0
ARC
  5
257
330
70
100
AcDbEntity
  8
HADE Julie60 True EC split bs v1_julier2-ec plate v1_0
100
AcDbCircle
 10
222.757
 20
-48.29499999999995
 30
0.0
 40
0.4999999999999539
100
AcDbArc
 50
90.0
 51
180.0000000000016
  0
ARC
  5
258
330
70
100
AcDbEntity
  8
HADE Julie60 True EC split bs v1_julier2-ec plate v1_0
100
AcDbCircle
 10
63.21071200000002
 20
-61.29495200000004
 30
0.0
 40
0.4999999999999716
100
AcDbArc
 50
179.9999999999959
 51
270.0000000000041
  0
ARC
  5
259
330
70
100
AcDbEntity
  8
HADE Julie60 True EC split bs v1_julier2-ec plate v1_0
100
AcDbCircle
 10
228.026101
 20
-42.19499899999997
 30
0.0
 40
0.5000010000009478
100
AcDbArc
 50
180.0001145913352
 51
269.9998854086737
  0
LINE
  5
25A
330
70
100
AcDbEntity
  8
HADE Julie60 True EC split bs v1_julier2-ec plate v1_0
100
AcDbLine
 10
255.9070000000001
 20
-61.295
 30
0.0
 11
255.9070000000001
 21
-48.29499999999996
 31
0.0
  0
ARC
  5
25B
330
70
100
AcDbEntity
  8
HADE Julie60 True EC split bs v1_julier2-ec plate v1_0
100
AcDbCircle
 10
228.026101
 20
-29.295001
 30
0.0
 40
0.5000010000009834
100
AcDbArc
 50
90.00011459132629
 51
179.9998854086708
  0
LINE
  5
25C
330
70
100
AcDbEntity
  8
HADE Julie60 True EC split bs v1_julier2-ec plate v1_0
100
AcDbLine
 10
75.11950000000002
 20
-118.945
 30
0.0
 11
88.71950000000001
 21
-118.9449999999999
 31
0.0
  0
ARC
  5
25D
330
70
100
AcDbEntity
  8
HADE Julie60 True EC split bs v1_julier2-ec plate v1_0
100
AcDbCircle
 10
203.019499
 20
-105.445001
 30
0.0
 40
0.5000010000010188
100
AcDbArc
 50
0.0001145913311825
 51
89.9998854086672
  0
LINE
  5
25E
330
70
100
AcDbEntity
  8
HADE Julie60 True EC split bs v1_julier2-ec plate v1_0
100
AcDbLine
 10
184.4695
 20
-42.24499999999999
 30
0.0
 11
184.4695
 21
-29.24500000000002
 31
0.0
  0
CIRCLE
  5
25F
330
70
100
AcDbEntity
  8
HADE Julie60 True EC split bs v1_julier2-ec plate v1_0
100
AcDbCircle
 10
191.457
 20
-73.845
 30
0.0
 40
1.000000000000001
  0
ARC
  5
260
330
70
100
AcDbEntity
  8
HADE Julie60 True EC split bs v1_julier2-ec plate v1_0
100
AcDbCircle
 10
208.4695000000001
 20
-105.445
 30
0.0
 40
0.5000000000000071
100
AcDbArc
 50
90.0
 51
179.9999999999984
  0
ARC
  5
261
330
70
100
AcDbEntity
  8
HADE Julie60 True EC split bs v1_julier2-ec plate v1_0
100
AcDbCircle
 10
183.969499
 20
-105.445001
 30
0.0
 40
0.5000010000010188
100
AcDbArc
 50
0.0001145913311825
 51
89.9998854086672
  0
CIRCLE
  5
262
330
70
100
AcDbEntity
  8
HADE Julie60 True EC split bs v1_julier2-ec plate v1_0
100
AcDbCircle
 10
295.0413750000001
 20
-35.74499999999997
 30
0.0
 40
1.0
  0
ARC
  5
263
330
70
100
AcDbEntity
  8
HADE Julie60 True EC split bs v1_julier2-ec plate v1_0
100
AcDbCircle
 10
303.7195
 20
-105.445
 30
0.0
 40
0.4999999999999894
100
AcDbArc
 50
90.0
 51
180.0
  0
ARC
  5
264
330
70
100
AcDbEntity
  8
HADE Julie60 True EC split bs v1_julier2-ec plate v1_0
100
AcDbCircle
 10
222.0694990000001
 20
-105.445001
 30
0.0
 40
0.5000010000009478
100
AcDbArc
 50
0.0001145913311825
 51
89.9998854086672
  0
ARC
  5
265
330
70
100
AcDbEntity
  8
HADE Julie60 True EC split bs v1_julier2-ec plate v1_0
100
AcDbCircle
 10
188.731999
 20
-67.34500099999999
 30
0.0
 40
0.5000010000010188
100
AcDbArc
 50
0.000114591329554
 51
89.99988540867045
  0
LINE
  5
266
330
70
100
AcDbEntity
  8
HADE Julie60 True EC split bs v1_julier2-ec plate v1_0
100
AcDbLine
 10
88.90700000000004
 20
-48.29499999999999
 30
0.0
 11
88.90700000000004
 21
-61.295
 31
0.0
  0
LINE
  5
267
330
70
100
AcDbEntity
  8
HADE Julie60 True EC split bs v1_julier2-ec plate v1_0
100
AcDbLine
 10
179.3945
 20
-86.39499999999998
 30
0.0
 11
179.3945
 21
-99.39500000000002
 31
0.0
  0
LINE
  5
268
330
70
100
AcDbEntity
  8
HADE Julie60 True EC split bs v1_julier2-ec plate v1_0
100
AcDbLine
 10
232.2820000000001
 20
-80.84499999999998
 30
0.0
 11
245.8820000000001
 21
-80.84499999999998
 31
0.0
  0
ARC
  5
269
330
70
100
AcDbEntity
  8
HADE Julie60 True EC split bs v1_julier2-ec plate v1_0
100
AcDbCircle
 10
217.3069990000001
 20
-48.29500099999997
 30
0.0
 40
0.5000010000009478
100
AcDbArc
 50
0.0001145913287398
 51
89.99988540867045
  0
LINE
  5
26A
330
70
100
AcDbEntity
  8
HADE Julie60 True EC split bs v1_julier2-ec plate v1_0
100
AcDbLine
 10
279.7195
 20
-118.445
 30
0.0
 11
279.7195
 21
-105.445
 31
0.0
  0
LINE
  5
26B
330
70
100
AcDbEntity
  8
HADE Julie60 True EC split bs v1_julier2-ec plate v1_0
100
AcDbLine
 10
236.3570000000001
 20
-47.79499999999999
 30
0.0
 11
222.757
 21
-47.795
 31
0.0
  0
ARC
  5
26C
330
70
100
AcDbEntity
  8
HADE Julie60 True EC split bs v1_julier2-ec plate v1_0
100
AcDbCircle
 10
141.7945
 20
-99.39500000000002
 30
0.0
 40
0.5000000000000071
100
AcDbArc
 50
180.0
 51
270.0
  0
ARC
  5
26D
330
70
100
AcDbEntity
  8
HADE Julie60 True EC split bs v1_julier2-ec plate v1_0
100
AcDbCircle
 10
65.59450000000001
 20
-99.39500000000002
 30
0.0
 40
0.5000000000000071
100
AcDbArc
 50
179.9999999999984
 51
270.0
  0
LINE
  5
26E
330
70
100
AcDbEntity
  8
HADE Julie60 True EC split bs v1_julier2-ec plate v1_0
100
AcDbLine
 10
184.4695
 20
-42.24499999999999
 30
0.0
 11
184.4695
 21
-29.24500000000002
 31
0.0
  0
LINE
  5
26F
330
70
100
AcDbEntity
  8
HADE Julie60 True EC split bs v1_julier2-ec plate v1_0
100
AcDbLine
 10
285.6132500000001
 20
-47.81999999999998
 30
0.0
 11
282.61325
 21
-49.55199999999997
 31
0.0
  0
LINE
  5
270
330
70
100
AcDbEntity
  8
HADE Julie60 True EC split bs v1_julier2-ec plate v1_0
100
AcDbLine
 10
303.2195000000001
 20
-105.445
 30
0.0
 11
303.2195000000001
 21
-118.445
 31
0.0
  0
ARC
  5
271
330
70
100
AcDbEntity
  8
HADE Julie60 True EC split bs v1_julier2-ec plate v1_0
100
AcDbCircle
 10
270.3820000000001
 20
-67.345
 30
0.0
 40
0.500000000000016
100
AcDbArc
 50
90.0
 51
179.9999999999984
  0
ARC
  5
272
330
70
100
AcDbEntity
  8
HADE Julie60 True EC split bs v1_julier2-ec plate v1_0
100
AcDbCircle
 10
213.2320000000001
 20
-80.34499999999997
 30
0.0
 40
0.5000000000000427
100
AcDbArc
 50
180.0000000000016
 51
270.0
  0
ARC
  5
273
330
70
100
AcDbEntity
  8
HADE Julie60 True EC split bs v1_julier2-ec plate v1_0
100
AcDbCircle
 10
255.4069990000001
 20
-48.29500099999997
 30
0.0
 40
0.5000010000009834
100
AcDbArc
 50
0.0001145913311825
 51
89.9998854086672
  0
ARC
  5
274
330
70
100
AcDbEntity
  8
HADE Julie60 True EC split bs v1_julier2-ec plate v1_0
100
AcDbCircle
 10
213.2320000000001
 20
-67.345
 30
0.0
 40
0.500000000000016
100
AcDbArc
 50
90.00000000001303
 51
179.9999999999967
  0
LINE
  5
275
330
70
100
AcDbEntity
  8
HADE Julie60 True EC split bs v1_julier2-ec plate v1_0
100
AcDbLine
 10
193.4945
 20
-85.89499999999999
 30
0.0
 11
179.8945
 21
-85.89499999999999
 31
0.0
  0
ARC
  5
276
330
70
100
AcDbEntity
  8
HADE Julie60 True EC split bs v1_julier2-ec plate v1_0
100
AcDbCircle
 10
298.957
 20
-29.24499999999996
 30
0.0
 40
0.4999999999999983
100
AcDbArc
 50
90.0
 51
180.000000000004
  0
ARC
  5
277
330
70
100
AcDbEntity
  8
HADE Julie60 True EC split bs v1_julier2-ec plate v1_0
100
AcDbCircle
 10
79.194499
 20
-29.24500100000006
 30
0.0
 40
0.5000010000010632
100
AcDbArc
 50
0.0001145913328109
 51
89.99988540866556
  0
ARC
  5
278
330
70
100
AcDbEntity
  8
HADE Julie60 True EC split bs v1_julier2-ec plate v1_0
100
AcDbCircle
 10
194.182
 20
-80.34499999999997
 30
0.0
 40
0.5000000000000427
100
AcDbArc
 50
180.0000000000016
 51
270.0
  0
ARC
  5
279
330
70
100
AcDbEntity
  8
HADE Julie60 True EC split bs v1_julier2-ec plate v1_0
100
AcDbCircle
 10
298.957
 20
-42.24499999999998
 30
0.0
 40
0.5000000000000071
100
AcDbArc
 50
180.0000000000024
 51
270.0
  0
ARC
  5
27A
330
70
100
AcDbEntity
  8
HADE Julie60 True EC split bs v1_julier2-ec plate v1_0
100
AcDbCircle
 10
207.781999
 20
-67.34500099999998
 30
0.0
 40
0.5000010000009834
100
AcDbArc
 50
0.000114591329554
 51
89.9998854086737
  0
ARC
  5
27B
330
70
100
AcDbEntity
  8
HADE Julie60 True EC split bs v1_julier2-ec plate v1_0
100
AcDbCircle
 10
298.269499
 20
-118.444999
 30
0.0
 40
0.5000010000010011
100
AcDbArc
 50
270.0001145913295
 51
359.9998854086705
  0
ARC
  5
27C
330
70
100
AcDbEntity
  8
HADE Julie60 True EC split bs v1_julier2-ec plate v1_0
100
AcDbCircle
 10
298.957001
 20
-99.39499900000001
 30
0.0
 40
0.5000010000008767
100
AcDbArc
 50
180.0001145913263
 51
269.999885408677
  0
ARC
  5
27D
330
70
100
AcDbEntity
  8
HADE Julie60 True EC split bs v1_julier2-ec plate v1_0
100
AcDbCircle
 10
155.3944990000001
 20
-99.39499900000004
 30
0.0
 40
0.5000010000009478
100
AcDbArc
 50
270.0001145913197
 51
359.9998854086737
  0
ARC
  5
27E
330
70
100
AcDbEntity
  8
HADE Julie60 True EC split bs v1_julier2-ec plate v1_0
100
AcDbCircle
 10
79.194499
 20
-29.24500100000006
 30
0.0
 40
0.5000010000010632
100
AcDbArc
 50
0.0001145913328109
 51
89.99988540866556
  0
LINE
  5
27F
330
70
100
AcDbEntity
  8
HADE Julie60 True EC split bs v1_julier2-ec plate v1_0
100
AcDbLine
 10
174.9445
 20
-99.39500000000002
 30
0.0
 11
174.9445
 21
-86.39499999999999
 31
0.0
  0
ARC
  5
280
330
70
100
AcDbEntity
  8
HADE Julie60 True EC split bs v1_julier2-ec plate v1_0
100
AcDbCircle
 10
265.6195
 20
-118.445
 30
0.0
 40
0.4999999999999361
100
AcDbArc
 50
180.0
 51
270.0
  0
CIRCLE
  5
281
330
70
100
AcDbEntity
  8
HADE Julie60 True EC split bs v1_julier2-ec plate v1_0
100
AcDbCircle
 10
139.0695
 20
-92.89500000000002
 30
0.0
 40
1.0
  0
ARC
  5
282
330
70
100
AcDbEntity
  8
HADE Julie60 True EC split bs v1_julier2-ec plate v1_0
100
AcDbCircle
 10
103.6945
 20
-86.39499999999996
 30
0.0
 40
0.4999999999999539
100
AcDbArc
 50
89.99999999999674
 51
180.0000000000016
  0
ARC
  5
283
330
70
100
AcDbEntity
  8
HADE Julie60 True EC split bs v1_julier2-ec plate v1_0
100
AcDbCircle
 10
207.781999
 20
-80.344999
 30
0.0
 40
0.5000010000010011
100
AcDbArc
 50
270.0001145913361
 51
359.9998854086705
  0
LINE
  5
284
330
70
100
AcDbEntity
  8
HADE Julie60 True EC split bs v1_julier2-ec plate v1_0
100
AcDbLine
 10
227.5261
 20
-29.29500000000001
 30
0.0
 11
227.5261
 21
-42.19500000000002
 31
0.0
  0
ARC
  5
285
330
70
100
AcDbEntity
  8
HADE Julie60 True EC split bs v1_julier2-ec plate v1_0
100
AcDbCircle
 10
194.182
 20
-67.34500000000003
 30
0.0
 40
0.5000000000000427
100
AcDbArc
 50
90.0
 51
179.9999999999984
  0
LINE
  5
286
330
70
100
AcDbEntity
  8
HADE Julie60 True EC split bs v1_julier2-ec plate v1_0
100
AcDbLine
 10
314.61325
 20
-61.26999999999998
 30
0.0
 11
314.61325
 21
-49.55199999999997
 31
0.0
  0
ARC
  5
287
330
70
100
AcDbEntity
  8
HADE Julie60 True EC split bs v1_julier2-ec plate v1_0
100
AcDbCircle
 10
256.0945
 20
-99.39500000000002
 30
0.0
 40
0.4999999999999716
100
AcDbArc
 50
179.9999999999951
 51
270.0
  0
LINE
  5
288
330
70
100
AcDbEntity
  8
HADE Julie60 True EC split bs v1_julier2-ec plate v1_0
100
AcDbLine
 10
65.59450000000001
 20
-99.89500000000006
 30
0.0
 11
79.19450000000003
 21
-99.89500000000006
 31
0.0
  0
ARC
  5
289
330
70
100
AcDbEntity
  8
HADE Julie60 True EC split bs v1_julier2-ec plate v1_0
100
AcDbCircle
 10
79.194499
 20
-42.24499899999996
 30
0.0
 40
0.5000010000010366
100
AcDbArc
 50
270.0001145913361
 51
359.9998854086639
  0
LINE
  5
28A
330
70
100
AcDbEntity
  8
HADE Julie60 True EC split bs v1_julier2-ec plate v1_0
100
AcDbLine
 10
251.3320000000001
 20
-80.845
 30
0.0
 11
264.932
 21
-80.84499999999998
 31
0.0
  0
LINE
  5
28B
330
70
100
AcDbEntity
  8
HADE Julie60 True EC split bs v1_julier2-ec plate v1_0
100
AcDbLine
 10
227.5195
 20
-118.9449999999999
 30
0.0
 11
241.1195000000001
 21
-118.945
 31
0.0
  0
LINE
  5
28C
330
70
100
AcDbEntity
  8
HADE Julie60 True EC split bs v1_julier2-ec plate v1_0
100
AcDbLine
 10
260.857
 20
-61.79499999999997
 30
0.0
 11
274.457
 21
-61.79499999999997
 31
0.0
  0
ARC
  5
28D
330
70
100
AcDbEntity
  8
HADE Julie60 True EC split bs v1_julier2-ec plate v1_0
100
AcDbCircle
 10
88.71949900000002
 20
-105.445001
 30
0.0
 40
0.5000010000010011
100
AcDbArc
 50
0.0001145913311825
 51
89.99988540866883
  0
ARC
  5
28E
330
70
100
AcDbEntity
  8
HADE Julie60 True EC split bs v1_julier2-ec plate v1_0
100
AcDbCircle
 10
79.19449900000002
 20
-99.39499899999995
 30
0.0
 40
0.5000010000010899
100
AcDbArc
 50
270.0001145913311
 51
359.9998854086623
  0
ARC
  5
28F
330
70
100
AcDbEntity
  8
HADE Julie60 True EC split bs v1_julier2-ec plate v1_0
100
AcDbCircle
 10
312.556999
 20
-29.24500099999999
 30
0.0
 40
0.5000010000009834
100
AcDbArc
 50
0.0001145913291469
 51
89.99988540867045
  0
ARC
  5
290
330
70
100
AcDbEntity
  8
HADE Julie60 True EC split bs v1_julier2-ec plate v1_0
100
AcDbCircle
 10
113.2195
 20
-105.445
 30
0.0
 40
0.4999999999999894
100
AcDbArc
 50
90.0
 51
180.0
  0
CIRCLE
  5
291
330
70
100
AcDbEntity
  8
HADE Julie60 True EC split bs v1_julier2-ec plate v1_0
100
AcDbCircle
 10
72.39450000000005
 20
-111.945
 30
0.0
 40
1.0
  0
ARC
  5
292
330
70
100
AcDbEntity
  8
HADE Julie60 True EC split bs v1_julier2-ec plate v1_0
100
AcDbCircle
 10
217.9945000000001
 20
-86.39500000000003
 30
0.0
 40
0.5000000000000427
100
AcDbArc
 50
90.00000000000651
 51
179.9999999999935
  0
ARC
  5
293
330
70
100
AcDbEntity
  8
HADE Julie60 True EC split bs v1_julier2-ec plate v1_0
100
AcDbCircle
 10
232.2820000000001
 20
-80.34499999999999
 30
0.0
 40
0.5000000000000071
100
AcDbArc
 50
180.0
 51
270.0
  0
ARC
  5
294
330
70
100
AcDbEntity
  8
HADE Julie60 True EC split bs v1_julier2-ec plate v1_0
100
AcDbCircle
 10
264.931999
 20
-67.34500099999998
 30
0.0
 40
0.5000010000010188
100
AcDbArc
 50
0.000114591329554
 51
89.99988540867045
  0
ARC
  5
295
330
70
100
AcDbEntity
  8
HADE Julie60 True EC split bs v1_julier2-ec plate v1_0
100
AcDbCircle
 10
314.938253
 20
-67.34500099999997
 30
0.0
 40
0.5000010000009834
100
AcDbArc
 50
0.0001145913279256
 51
89.99988540866395
  0
LINE
  5
296
330
70
100
AcDbEntity
  8
HADE Julie60 True EC split bs v1_julier2-ec plate v1_0
100
AcDbLine
 10
193.9945
 20
-99.39500000000002
 30
0.0
 11
193.9945
 21
-86.39499999999998
 31
0.0
  0
LINE
  5
297
330
70
100
AcDbEntity
  8
HADE Julie60 True EC split bs v1_julier2-ec plate v1_0
100
AcDbLine
 10
42.72575000000003
 20
-66.87000000000001
 30
0.0
 11
39.72575000000006
 21
-68.602
 31
0.0
  0
LINE
  5
298
330
70
100
AcDbEntity
  8
HADE Julie60 True EC split bs v1_julier2-ec plate v1_0
100
AcDbLine
 10
56.06950000000004
 20
-118.9449999999999
 30
0.0
 11
69.66950000000004
 21
-118.9449999999999
 31
0.0
  0
LINE
  5
299
330
70
100
AcDbEntity
  8
HADE Julie60 True EC split bs v1_julier2-ec plate v1_0
100
AcDbLine
 10
282.61325
 20
-49.55199999999997
 30
0.0
 11
282.6132500000001
 21
-61.26999999999999
 31
0.0
  0
LINE
  5
29A
330
70
100
AcDbEntity
  8
HADE Julie60 True EC split bs v1_julier2-ec plate v1_0
100
AcDbLine
 10
236.8570000000001
 20
-61.295
 30
0.0
 11
236.8570000000001
 21
-48.29499999999996
 31
0.0
  0
ARC
  5
29B
330
70
100
AcDbEntity
  8
HADE Julie60 True EC split bs v1_julier2-ec plate v1_0
100
AcDbCircle
 10
226.8319990000001
 20
-80.34499900000001
 30
0.0
 40
0.5000010000009655
100
AcDbArc
 50
270.0001145913295
 51
359.9998854086737
  0
ARC
  5
29C
330
70
100
AcDbEntity
  8
HADE Julie60 True EC split bs v1_julier2-ec plate v1_0
100
AcDbCircle
 10
136.344499
 20
-99.39499900000004
 30
0.0
 40
0.5000010000009834
100
AcDbArc
 50
270.0001145913328
 51
359.9998854086721
  0
LINE
  5
29D
330
70
100
AcDbEntity
  8
HADE Julie60 True EC split bs v1_julier2-ec plate v1_0
100
AcDbLine
 10
203.0195
 20
-104.945
 30
0.0
 11
189.4195
 21
-104.945
 31
0.0
  0
LINE
  5
29E
330
70
100
AcDbEntity
  8
HADE Julie60 True EC split bs v1_julier2-ec plate v1_0
100
AcDbLine
 10
94.16950000000005
 20
-118.945
 30
0.0
 11
107.7695
 21
-118.9449999999999
 31
0.0
  0
LINE
  5
29F
330
70
100
AcDbEntity
  8
HADE Julie60 True EC split bs v1_julier2-ec plate v1_0
100
AcDbLine
 10
117.2945
 20
-85.89500000000001
 30
0.0
 11
103.6945
 21
-85.89500000000001
 31
0.0
  0
ARC
  5
2A0
330
70
100
AcDbEntity
  8
HADE Julie60 True EC split bs v1_julier2-ec plate v1_0
100
AcDbCircle
 10
94.16949999999999
 20
-105.4449999999999
 30
0.0
 40
0.4999999999999183
100
AcDbArc
 50
89.99999999999349
 51
180.0000000000081
  0
ARC
  5
2A1
330
70
100
AcDbEntity
  8
HADE Julie60 True EC split bs v1_julier2-ec plate v1_0
100
AcDbCircle
 10
284.6695
 20
-118.445
 30
0.0
 40
0.4999999999999006
100
AcDbArc
 50
180.0
 51
270.0
  0
LINE
  5
2A2
330
70
100
AcDbEntity
  8
HADE Julie60 True EC split bs v1_julier2-ec plate v1_0
100
AcDbLine
 10
126.3195
 20
-42.69499999999999
 30
0.0
 11
113.7195
 21
-42.69500000000005
 31
0.0
  0
LINE
  5
2A3
330
70
100
AcDbEntity
  8
HADE Julie60 True EC split bs v1_julier2-ec plate v1_0
100
AcDbLine
 10
84.64450000000002
 20
-99.89500000000004
 30
0.0
 11
98.24450000000002
 21
-99.89500000000003
 31
0.0
  0
LINE
  5
2A4
330
70
100
AcDbEntity
  8
HADE Julie60 True EC split bs v1_julier2-ec plate v1_0
100
AcDbLine
 10
231.782
 20
-67.34499999999998
 30
0.0
 11
231.7820000000001
 21
-80.34499999999999
 31
0.0
  0
LINE
  5
2A5
330
70
100
AcDbEntity
  8
HADE Julie60 True EC split bs v1_julier2-ec plate v1_0
100
AcDbLine
 10
251.3320000000001
 20
-42.74499999999996
 30
0.0
 11
264.932
 21
-42.74499999999997
 31
0.0
  0
ARC
  5
2A6
330
70
100
AcDbEntity
  8
HADE Julie60 True EC split bs v1_julier2-ec plate v1_0
100
AcDbCircle
 10
98.24449900000004
 20
-99.39499900000004
 30
0.0
 40
0.5000010000009655
100
AcDbArc
 50
270.0001145913263
 51
359.9998854086721
  0
LINE
  5
2A7
330
70
100
AcDbEntity
  8
HADE Julie60 True EC split bs v1_julier2-ec plate v1_0
100
AcDbLine
 10
69.66950000000004
 20
-104.945
 30
0.0
 11
56.06950000000004
 21
-104.945
 31
0.0
  0
LINE
  5
2A8
330
70
100
AcDbEntity
  8
HADE Julie60 True EC split bs v1_julier2-ec plate v1_0
100
AcDbLine
 10
71.72575000000006
 20
-68.602
 30
0.0
 11
68.72575000000006
 21
-66.87000000000001
 31
0.0
  0
LINE
  5
2A9
330
70
100
AcDbEntity
  8
HADE Julie60 True EC split bs v1_julier2-ec plate v1_0
100
AcDbLine
 10
314.938254
 20
-66.84499999999998
 30
0.0
 11
296.57575
 21
-66.84499999999997
 31
0.0
  0
ARC
  5
2AA
330
70
100
AcDbEntity
  8
HADE Julie60 True EC split bs v1_julier2-ec plate v1_0
100
AcDbCircle
 10
265.6195
 20
-105.445
 30
0.0
 40
0.4999999999999894
100
AcDbArc
 50
90.0
 51
180.0
  0
LINE
  5
2AB
330
70
100
AcDbEntity
  8
HADE Julie60 True EC split bs v1_julier2-ec plate v1_0
100
AcDbLine
 10
274.9570000000001
 20
-61.29499999999996
 30
0.0
 11
274.957
 21
-48.29499999999995
 31
0.0
  0
LINE
  5
2AC
330
70
100
AcDbEntity
  8
HADE Julie60 True EC split bs v1_julier2-ec plate v1_0
100
AcDbLine
 10
246.5695000000001
 20
-118.945
 30
0.0
 11
260.1695
 21
-118.945
 31
0.0
  0
ARC
  5
2AD
330
70
100
AcDbEntity
  8
HADE Julie60 True EC split bs v1_julier2-ec plate v1_0
100
AcDbCircle
 10
198.9445
 20
-99.39499999999997
 30
0.0
 40
0.5000000000000071
100
AcDbArc
 50
180.0000000000065
 51
270.0
  0
ARC
  5
2AE
330
70
100
AcDbEntity
  8
HADE Julie60 True EC split bs v1_julier2-ec plate v1_0
100
AcDbCircle
 10
314.113249
 20
-61.26999900000001
 30
0.0
 40
0.5000010000009834
100
AcDbArc
 50
270.0001145913295
 51
359.9998854086721
  0
ARC
  5
2AF
330
70
100
AcDbEntity
  8
HADE Julie60 True EC split bs v1_julier2-ec plate v1_0
100
AcDbCircle
 10
183.969499
 20
-29.24500100000001
 30
0.0
 40
0.5000010000009834
100
AcDbArc
 50
0.0001145913291469
 51
89.9998854086737
  0
LINE
  5
2B0
330
70
100
AcDbEntity
  8
HADE Julie60 True EC split bs v1_julier2-ec plate v1_0
100
AcDbLine
 10
179.707
 20
-61.295
 30
0.0
 11
179.707
 21
-48.29499999999999
 31
0.0
  0
LINE
  5
2B1
330
70
100
AcDbEntity
  8
HADE Julie60 True EC split bs v1_julier2-ec plate v1_0
100
AcDbLine
 10
198.757
 20
-61.295
 30
0.0
 11
198.757
 21
-48.29499999999998
 31
0.0
  0
LINE
  5
2B2
330
70
100
AcDbEntity
  8
HADE Julie60 True EC split bs v1_julier2-ec plate v1_0
100
AcDbLine
 10
103.007
 20
-47.79500000000002
 30
0.0
 11
89.40700000000004
 21
-47.79500000000002
 31
0.0
  0
ARC
  5
2B3
330
70
100
AcDbEntity
  8
HADE Julie60 True EC split bs v1_julier2-ec plate v1_0
100
AcDbCircle
 10
198.256999
 20
-61.29499899999995
 30
0.0
 40
0.5000010000010366
100
AcDbArc
 50
270.0001145913263
 51
359.9998854086656
  0
ARC
  5
2B4
330
70
100
AcDbEntity
  8
HADE Julie60 True EC split bs v1_julier2-ec plate v1_0
100
AcDbCircle
 10
260.857
 20
-48.29499999999997
 30
0.0
 40
0.4999999999999716
100
AcDbArc
 50
90.0
 51
180.0
  0
LINE
  5
2B5
330
70
100
AcDbEntity
  8
HADE Julie60 True EC split bs v1_julier2-ec plate v1_0
100
AcDbLine
 10
93.48200000000003
 20
-66.84499999999998
 30
0.0
 11
79.88200000000006
 21
-66.84499999999999
 31
0.0
  0
LINE
  5
2B6
330
70
100
AcDbEntity
  8
HADE Julie60 True EC split bs v1_julier2-ec plate v1_0
100
AcDbLine
 10
312.557
 20
-28.74499999999997
 30
0.0
 11
298.957
 21
-28.74499999999997
 31
0.0
  0
LINE
  5
2B7
330
70
100
AcDbEntity
  8
HADE Julie60 True EC split bs v1_julier2-ec plate v1_0
100
AcDbLine
 10
207.9695
 20
-105.445
 30
0.0
 11
207.9695
 21
-118.445
 31
0.0
  0
ARC
  5
2B8
330
70
100
AcDbEntity
  8
HADE Julie60 True EC split bs v1_julier2-ec plate v1_0
100
AcDbCircle
 10
189.4195
 20
-118.445
 30
0.0
 40
0.5000000000000071
100
AcDbArc
 50
180.0
 51
270.0
  0
ARC
  5
2B9
330
70
100
AcDbEntity
  8
HADE Julie60 True EC split bs v1_julier2-ec plate v1_0
100
AcDbCircle
 10
228.026101
 20
-42.19499899999997
 30
0.0
 40
0.5000010000009478
100
AcDbArc
 50
180.0001145913352
 51
269.9998854086737
  0
LINE
  5
2BA
330
70
100
AcDbEntity
  8
HADE Julie60 True EC split bs v1_julier2-ec plate v1_0
100
AcDbLine
 10
241.1195000000001
 20
-104.945
 30
0.0
 11
227.5195
 21
-104.9449999999999
 31
0.0
  0
LINE
  5
2BB
330
70
100
AcDbEntity
  8
HADE Julie60 True EC split bs v1_julier2-ec plate v1_0
100
AcDbLine
 10
260.1695
 20
-104.945
 30
0.0
 11
246.5695000000001
 21
-104.9449999999999
 31
0.0
  0
ARC
  5
2BC
330
70
100
AcDbEntity
  8
HADE Julie60 True EC split bs v1_julier2-ec plate v1_0
100
AcDbCircle
 10
203.019499
 20
-118.444999
 30
0.0
 40
0.5000010000010011
100
AcDbArc
 50
270.0001145913295
 51
359.9998854086705
  0
ARC
  5
2BD
330
70
100
AcDbEntity
  8
HADE Julie60 True EC split bs v1_julier2-ec plate v1_0
100
AcDbCircle
 10
296.57575
 20
-67.34499999999998
 30
0.0
 40
0.5000000000000071
100
AcDbArc
 50
90.0
 51
179.9999999999984
  0
LINE
  5
2BE
330
70
100
AcDbEntity
  8
HADE Julie60 True EC split bs v1_julier2-ec plate v1_0
100
AcDbLine
 10
107.7695
 20
-104.945
 30
0.0
 11
94.16950000000005
 21
-104.945
 31
0.0
  0
LINE
  5
2BF
330
70
100
AcDbEntity
  8
HADE Julie60 True EC split bs v1_julier2-ec plate v1_0
100
AcDbLine
 10
298.7695
 20
-118.445
 30
0.0
 11
298.7695
 21
-105.445
 31
0.0
  0
ARC
  5
2C0
330
70
100
AcDbEntity
  8
HADE Julie60 True EC split bs v1_julier2-ec plate v1_0
100
AcDbCircle
 10
228.026101
 20
-29.295001
 30
0.0
 40
0.5000010000009834
100
AcDbArc
 50
90.00011459132629
 51
179.9998854086708
  0
LINE
  5
2C1
330
70
100
AcDbEntity
  8
HADE Julie60 True EC split bs v1_julier2-ec plate v1_0
100
AcDbLine
 10
298.957
 20
-42.74499999999997
 30
0.0
 11
312.557
 21
-42.74499999999997
 31
0.0
  0
LINE
  5
2C2
330
70
100
AcDbEntity
  8
HADE Julie60 True EC split bs v1_julier2-ec plate v1_0
100
AcDbLine
 10
222.2570000000001
 20
-48.29499999999997
 30
0.0
 11
222.2570000000001
 21
-61.29499999999998
 31
0.0
  0
ARC
  5
2C3
330
70
100
AcDbEntity
  8
HADE Julie60 True EC split bs v1_julier2-ec plate v1_0
100
AcDbCircle
 10
184.657
 20
-61.295
 30
0.0
 40
0.5000000000000071
100
AcDbArc
 50
179.9999999999984
 51
270.0
  0
ARC
  5
2C4
330
70
100
AcDbEntity
  8
HADE Julie60 True EC split bs v1_julier2-ec plate v1_0
100
AcDbCircle
 10
103.6945
 20
-99.39500000000002
 30
0.0
 40
0.4999999999999894
100
AcDbArc
 50
180.0
 51
270.0
  0
LINE
  5
2C5
330
70
100
AcDbEntity
  8
HADE Julie60 True EC split bs v1_julier2-ec plate v1_0
100
AcDbLine
 10
184.157
 20
-48.29499999999997
 30
0.0
 11
184.157
 21
-61.29499999999998
 31
0.0
  0
ARC
  5
2C6
330
70
100
AcDbEntity
  8
HADE Julie60 True EC split bs v1_julier2-ec plate v1_0
100
AcDbCircle
 10
160.8445
 20
-86.39499999999998
 30
0.0
 40
0.5000000000000071
100
AcDbArc
 50
90.0
 51
180.0
  0
LINE
  5
2C7
330
70
100
AcDbEntity
  8
HADE Julie60 True EC split bs v1_julier2-ec plate v1_0
100
AcDbLine
 10
184.4695
 20
-118.445
 30
0.0
 11
184.4695
 21
-105.445
 31
0.0
  0
LINE
  5
2C8
330
70
100
AcDbEntity
  8
HADE Julie60 True EC split bs v1_julier2-ec plate v1_0
100
AcDbLine
 10
113.7195
 20
-28.79500000000002
 30
0.0
 11
126.3195
 21
-28.79499999999995
 31
0.0
  0
LINE
  5
2C9
330
70
100
AcDbEntity
  8
HADE Julie60 True EC split bs v1_julier2-ec plate v1_0
100
AcDbLine
 10
136.3445
 20
-85.89499999999999
 30
0.0
 11
122.7445
 21
-85.89499999999999
 31
0.0
  0
LINE
  5
2CA
330
70
100
AcDbEntity
  8
HADE Julie60 True EC split bs v1_julier2-ec plate v1_0
100
AcDbLine
 10
89.40700000000001
 20
-42.74499999999997
 30
0.0
 11
103.007
 21
-42.74499999999999
 31
0.0
  0
LINE
  5
2CB
330
70
100
AcDbEntity
  8
HADE Julie60 True EC split bs v1_julier2-ec plate v1_0
100
AcDbLine
 10
296.07575
 20
-67.34499999999997
 30
0.0
 11
296.07575
 21
-80.34499999999997
 31
0.0
  0
LINE
  5
2CC
330
70
100
AcDbEntity
  8
HADE Julie60 True EC split bs v1_julier2-ec plate v1_0
100
AcDbLine
 10
98.24450000000005
 20
-85.89500000000001
 30
0.0
 11
84.64450000000002
 21
-85.89500000000001
 31
0.0
  0
LINE
  5
2CD
330
70
100
AcDbEntity
  8
HADE Julie60 True EC split bs v1_julier2-ec plate v1_0
100
AcDbLine
 10
275.1445
 20
-42.74499999999998
 30
0.0
 11
288.7445
 21
-42.74499999999997
 31
0.0
  0
ARC
  5
2CE
330
70
100
AcDbEntity
  8
HADE Julie60 True EC split bs v1_julier2-ec plate v1_0
100
AcDbCircle
 10
117.982
 20
-67.34499999999996
 30
0.0
 40
0.4999999999999716
100
AcDbArc
 50
90.0
 51
180.0000000000049
  0
LINE
  5
2CF
330
70
100
AcDbEntity
  8
HADE Julie60 True EC split bs v1_julier2-ec plate v1_0
100
AcDbLine
 10
136.5319999999999
 20
-67.345
 30
0.0
 11
136.5319999999999
 21
-80.34499999999999
 31
0.0
  0
LINE
  5
2D0
330
70
100
AcDbEntity
  8
HADE Julie60 True EC split bs v1_julier2-ec plate v1_0
100
AcDbLine
 10
51.11950000000008
 20
-61.29500000000001
 30
0.0
 11
51.11950000000007
 21
-48.29499999999999
 31
0.0
  0
LINE
  5
2D1
330
70
100
AcDbEntity
  8
HADE Julie60 True EC split bs v1_julier2-ec plate v1_0
100
AcDbLine
 10
117.482
 20
-67.345
 30
0.0
 11
117.482
 21
-80.34499999999999
 31
0.0
  0
ARC
  5
2D2
330
70
100
AcDbEntity
  8
HADE Julie60 True EC split bs v1_julier2-ec plate v1_0
100
AcDbCircle
 10
84.64449999999997
 20
-86.39499999999996
 30
0.0
 40
0.4999999999999539
100
AcDbArc
 50
89.99999999999511
 51
180.0000000000049
  0
LINE
  5
2D3
330
70
100
AcDbEntity
  8
HADE Julie60 True EC split bs v1_julier2-ec plate v1_0
100
AcDbLine
 10
265.4320000000001
 20
-80.34499999999999
 30
0.0
 11
265.432
 21
-67.345
 31
0.0
  0
LINE
  5
2D4
330
70
100
AcDbEntity
  8
HADE Julie60 True EC split bs v1_julier2-ec plate v1_0
100
AcDbLine
 10
174.632
 20
-67.345
 30
0.0
 11
174.632
 21
-80.34499999999999
 31
0.0
  0
LINE
  5
2D5
330
70
100
AcDbEntity
  8
HADE Julie60 True EC split bs v1_julier2-ec plate v1_0
100
AcDbLine
 10
270.3820000000001
 20
-80.84499999999996
 30
0.0
 11
283.9820000000001
 21
-80.84499999999998
 31
0.0
  0
LINE
  5
2D6
330
70
100
AcDbEntity
  8
HADE Julie60 True EC split bs v1_julier2-ec plate v1_0
100
AcDbLine
 10
126.3195
 20
-42.69499999999999
 30
0.0
 11
113.7195
 21
-42.69500000000005
 31
0.0
  0
LINE
  5
2D7
330
70
100
AcDbEntity
  8
HADE Julie60 True EC split bs v1_julier2-ec plate v1_0
100
AcDbLine
 10
298.2695000000001
 20
-104.945
 30
0.0
 11
284.6695000000001
 21
-104.945
 31
0.0
  0
LINE
  5
2D8
330
70
100
AcDbEntity
  8
HADE Julie60 True EC split bs v1_julier2-ec plate v1_0
100
AcDbLine
 10
208.2820000000001
 20
-80.34499999999999
 30
0.0
 11
208.282
 21
-67.345
 31
0.0
  0
ARC
  5
2D9
330
70
100
AcDbEntity
  8
HADE Julie60 True EC split bs v1_julier2-ec plate v1_0
100
AcDbCircle
 10
264.931999
 20
-42.24499899999996
 30
0.0
 40
0.5000010000010011
100
AcDbArc
 50
270.0001145913295
 51
359.9998854086672
  0
LINE
  5
2DA
330
70
100
AcDbEntity
  8
HADE Julie60 True EC split bs v1_julier2-ec plate v1_0
100
AcDbLine
 10
68.72575000000006
 20
-66.87000000000001
 30
0.0
 11
42.72575000000003
 21
-66.87000000000001
 31
0.0
  0
LINE
  5
2DB
330
70
100
AcDbEntity
  8
HADE Julie60 True EC split bs v1_julier2-ec plate v1_0
100
AcDbLine
 10
227.3320000000001
 20
-80.34499999999999
 30
0.0
 11
227.3320000000001
 21
-67.345
 31
0.0
  0
LINE
  5
2DC
330
70
100
AcDbEntity
  8
HADE Julie60 True EC split bs v1_julier2-ec plate v1_0
100
AcDbLine
 10
79.19450000000003
 20
-85.89500000000002
 30
0.0
 11
65.59450000000001
 21
-85.89500000000001
 31
0.0
  0
LINE
  5
2DD
330
70
100
AcDbEntity
  8
HADE Julie60 True EC split bs v1_julier2-ec plate v1_0
100
AcDbLine
 10
89.40700000000001
 20
-42.74499999999997
 30
0.0
 11
103.007
 21
-42.74499999999999
 31
0.0
  0
ARC
  5
2DE
330
70
100
AcDbEntity
  8
HADE Julie60 True EC split bs v1_julier2-ec plate v1_0
100
AcDbCircle
 10
183.969499
 20
-29.24500100000001
 30
0.0
 40
0.5000010000009834
100
AcDbArc
 50
0.0001145913291469
 51
89.9998854086737
  0
LINE
  5
2DF
330
70
100
AcDbEntity
  8
HADE Julie60 True EC split bs v1_julier2-ec plate v1_0
100
AcDbLine
 10
203.707
 20
-61.79500000000004
 30
0.0
 11
217.3070000000001
 21
-61.79499999999997
 31
0.0
  0
LINE
  5
2E0
330
70
100
AcDbEntity
  8
HADE Julie60 True EC split bs v1_julier2-ec plate v1_0
100
AcDbLine
 10
264.9320000000001
 20
-66.84499999999997
 30
0.0
 11
251.3320000000001
 21
-66.84499999999998
 31
0.0
  0
ARC
  5
2E1
330
70
100
AcDbEntity
  8
HADE Julie60 True EC split bs v1_julier2-ec plate v1_0
100
AcDbCircle
 10
183.969499
 20
-42.24499899999996
 30
0.0
 40
0.5000010000010188
100
AcDbArc
 50
270.0001145913295
 51
359.9998854086672
  0
LINE
  5
2E2
330
70
100
AcDbEntity
  8
HADE Julie60 True EC split bs v1_julier2-ec plate v1_0
100
AcDbLine
 10
103.007
 20
-28.74499999999999
 30
0.0
 11
89.40700000000001
 21
-28.74500000000001
 31
0.0
  0
LINE
  5
2E3
330
70
100
AcDbEntity
  8
HADE Julie60 True EC split bs v1_julier2-ec plate v1_0
100
AcDbLine
 10
269.8820000000001
 20
-67.34499999999998
 30
0.0
 11
269.8820000000001
 21
-80.34499999999999
 31
0.0
  0
LINE
  5
2E4
330
70
100
AcDbEntity
  8
HADE Julie60 True EC split bs v1_julier2-ec plate v1_0
100
AcDbLine
 10
112.532
 20
-66.84499999999999
 30
0.0
 11
98.93200000000007
 21
-66.84499999999998
 31
0.0
  0
LINE
  5
2E5
330
70
100
AcDbEntity
  8
HADE Julie60 True EC split bs v1_julier2-ec plate v1_0
100
AcDbLine
 10
93.982
 20
-80.34500000000001
 30
0.0
 11
93.982
 21
-67.345
 31
0.0
  0
LINE
  5
2E6
330
70
100
AcDbEntity
  8
HADE Julie60 True EC split bs v1_julier2-ec plate v1_0
100
AcDbLine
 10
250.8320000000001
 20
-67.34499999999998
 30
0.0
 11
250.8320000000001
 21
-80.34499999999999
 31
0.0
  0
LINE
  5
2E7
330
70
100
AcDbEntity
  8
HADE Julie60 True EC split bs v1_julier2-ec plate v1_0
100
AcDbLine
 10
275.1445
 20
-42.74499999999998
 30
0.0
 11
288.7445
 21
-42.74499999999997
 31
0.0
  0
LINE
  5
2E8
330
70
100
AcDbEntity
  8
HADE Julie60 True EC split bs v1_julier2-ec plate v1_0
100
AcDbLine
 10
98.43200000000004
 20
-67.345
 30
0.0
 11
98.43200000000004
 21
-80.34499999999999
 31
0.0
  0
LINE
  5
2E9
330
70
100
AcDbEntity
  8
HADE Julie60 True EC split bs v1_julier2-ec plate v1_0
100
AcDbLine
 10
284.4820000000001
 20
-80.34499999999999
 30
0.0
 11
284.482
 21
-67.345
 31
0.0
  0
LINE
  5
2EA
330
70
100
AcDbEntity
  8
HADE Julie60 True EC split bs v1_julier2-ec plate v1_0
100
AcDbLine
 10
212.7320000000001
 20
-67.34499999999998
 30
0.0
 11
212.732
 21
-80.34499999999999
 31
0.0
  0
LINE
  5
2EB
330
70
100
AcDbEntity
  8
HADE Julie60 True EC split bs v1_julier2-ec plate v1_0
100
AcDbLine
 10
165.607
 20
-61.79499999999997
 30
0.0
 11
179.207
 21
-61.795
 31
0.0
  0
LINE
  5
2EC
330
70
100
AcDbEntity
  8
HADE Julie60 True EC split bs v1_julier2-ec plate v1_0
100
AcDbLine
 10
311.61325
 20
-47.81999999999998
 30
0.0
 11
285.6132500000001
 21
-47.81999999999998
 31
0.0
  0
CIRCLE
  5
2ED
330
70
100
AcDbEntity
  8
HADE Julie60 True EC split bs v1_julier2-ec plate v1_0
100
AcDbCircle
 10
59.29762500000002
 20
-35.74499999999999
 30
0.0
 40
1.0
  0
LINE
  5
2EE
330
70
100
AcDbEntity
  8
HADE Julie60 True EC split bs v1_julier2-ec plate v1_0
100
AcDbLine
 10
313.0570000000001
 20
-99.39499999999997
 30
0.0
 11
313.057
 21
-86.39499999999998
 31
0.0
  0
LINE
  5
2EF
330
70
100
AcDbEntity
  8
HADE Julie60 True EC split bs v1_julier2-ec plate v1_0
100
AcDbLine
 10
246.3820000000001
 20
-80.34499999999999
 30
0.0
 11
246.3820000000001
 21
-67.345
 31
0.0
  0
LINE
  5
2F0
330
70
100
AcDbEntity
  8
HADE Julie60 True EC split bs v1_julier2-ec plate v1_0
100
AcDbLine
 10
265.4320000000001
 20
-42.24499999999999
 30
0.0
 11
265.4320000000001
 21
-29.245
 31
0.0
  0
LINE
  5
2F1
330
70
100
AcDbEntity
  8
HADE Julie60 True EC split bs v1_julier2-ec plate v1_0
100
AcDbLine
 10
103.007
 20
-28.74499999999999
 30
0.0
 11
89.40700000000001
 21
-28.74500000000001
 31
0.0
  0
LINE
  5
2F2
330
70
100
AcDbEntity
  8
HADE Julie60 True EC split bs v1_julier2-ec plate v1_0
100
AcDbLine
 10
131.582
 20
-66.84499999999998
 30
0.0
 11
117.982
 21
-66.84499999999998
 31
0.0
  0
LINE
  5
2F3
330
70
100
AcDbEntity
  8
HADE Julie60 True EC split bs v1_julier2-ec plate v1_0
100
AcDbLine
 10
113.0319999999999
 20
-80.34499999999999
 30
0.0
 11
113.032
 21
-67.345
 31
0.0
  0
LINE
  5
2F4
330
70
100
AcDbEntity
  8
HADE Julie60 True EC split bs v1_julier2-ec plate v1_0
100
AcDbLine
 10
151.132
 20
-80.34500000000003
 30
0.0
 11
151.132
 21
-67.345
 31
0.0
  0
LINE
  5
2F5
330
70
100
AcDbEntity
  8
HADE Julie60 True EC split bs v1_julier2-ec plate v1_0
100
AcDbLine
 10
315.438254
 20
-80.34499999999997
 30
0.0
 11
315.4382539999999
 21
-67.34499999999998
 31
0.0
  0
LINE
  5
2F6
330
70
100
AcDbEntity
  8
HADE Julie60 True EC split bs v1_julier2-ec plate v1_0
100
AcDbLine
 10
79.38200000000003
 20
-67.345
 30
0.0
 11
79.38200000000006
 21
-80.34499999999999
 31
0.0
  0
ARC
  5
2F7
330
70
100
AcDbEntity
  8
HADE Julie60 True EC split bs v1_julier2-ec plate v1_0
100
AcDbCircle
 10
264.931999
 20
-29.24500099999999
 30
0.0
 40
0.5000010000010544
100
AcDbArc
 50
0.0001145913291469
 51
89.99988540866395
  0
LINE
  5
2F8
330
70
100
AcDbEntity
  8
HADE Julie60 True EC split bs v1_julier2-ec plate v1_0
100
AcDbLine
 10
84.14450000000002
 20
-86.39499999999999
 30
0.0
 11
84.14450000000002
 21
-99.39500000000002
 31
0.0
  0
LINE
  5
2F9
330
70
100
AcDbEntity
  8
HADE Julie60 True EC split bs v1_julier2-ec plate v1_0
100
AcDbLine
 10
170.182
 20
-80.34499999999999
 30
0.0
 11
170.182
 21
-67.34500000000001
 31
0.0
  0
LINE
  5
2FA
330
70
100
AcDbEntity
  8
HADE Julie60 True EC split bs v1_julier2-ec plate v1_0
100
AcDbLine
 10
222.0695000000001
 20
-104.945
 30
0.0
 11
208.4695000000001
 21
-104.945
 31
0.0
  0
LINE
  5
2FB
330
70
100
AcDbEntity
  8
HADE Julie60 True EC split bs v1_julier2-ec plate v1_0
100
AcDbLine
 10
155.5819999999999
 20
-67.345
 30
0.0
 11
155.582
 21
-80.34499999999999
 31
0.0
  0
LINE
  5
2FC
330
70
100
AcDbEntity
  8
HADE Julie60 True EC split bs v1_julier2-ec plate v1_0
100
AcDbLine
 10
88.90699999999993
 20
-29.24500000000004
 30
0.0
 11
88.90699999999993
 21
-42.245
 31
0.0
  0
LINE
  5
2FD
330
70
100
AcDbEntity
  8
HADE Julie60 True EC split bs v1_julier2-ec plate v1_0
100
AcDbLine
 10
251.3320000000001
 20
-42.74499999999996
 30
0.0
 11
264.932
 21
-42.74499999999997
 31
0.0
  0
LINE
  5
2FE
330
70
100
AcDbEntity
  8
HADE Julie60 True EC split bs v1_julier2-ec plate v1_0
100
AcDbLine
 10
270.1945000000001
 20
-99.39500000000002
 30
0.0
 11
270.1945000000001
 21
-86.39499999999998
 31
0.0
  0
LINE
  5
2FF
330
70
100
AcDbEntity
  8
HADE Julie60 True EC split bs v1_julier2-ec plate v1_0
100
AcDbLine
 10
241.807
 20
-61.79499999999997
 30
0.0
 11
255.407
 21
-61.79499999999999
 31
0.0
  0
LINE
  5
300
330
70
100
AcDbEntity
  8
HADE Julie60 True EC split bs v1_julier2-ec plate v1_0
100
AcDbLine
 10
79.69450000000006
 20
-42.24500000000002
 30
0.0
 11
79.69450000000006
 21
-29.24500000000004
 31
0.0
  0
LINE
  5
301
330
70
100
AcDbEntity
  8
HADE Julie60 True EC split bs v1_julier2-ec plate v1_0
100
AcDbLine
 10
50.61950000000006
 20
-47.795
 30
0.0
 11
37.01950000000004
 21
-47.79500000000001
 31
0.0
  0
LINE
  5
302
330
70
100
AcDbEntity
  8
HADE Julie60 True EC split bs v1_julier2-ec plate v1_0
100
AcDbLine
 10
264.9320000000001
 20
-28.74499999999994
 30
0.0
 11
251.3320000000001
 21
-28.74499999999997
 31
0.0
  0
LINE
  5
303
330
70
100
AcDbEntity
  8
HADE Julie60 True EC split bs v1_julier2-ec plate v1_0
100
AcDbLine
 10
89.40700000000004
 20
-61.795
 30
0.0
 11
103.007
 21
-61.79499999999999
 31
0.0
  0
LINE
  5
304
330
70
100
AcDbEntity
  8
HADE Julie60 True EC split bs v1_julier2-ec plate v1_0
100
AcDbLine
 10
193.682
 20
-67.34500000000001
 30
0.0
 11
193.682
 21
-80.34499999999999
 31
0.0
  0
ARC
  5
305
330
70
100
AcDbEntity
  8
HADE Julie60 True EC split bs v1_julier2-ec plate v1_0
100
AcDbCircle
 10
37.01950000000007
 20
-48.29500000000006
 30
0.0
 40
0.5000000000000427
100
AcDbArc
 50
90.00000000000406
 51
179.9999999999918
  0
LINE
  5
306
330
70
100
AcDbEntity
  8
HADE Julie60 True EC split bs v1_julier2-ec plate v1_0
100
AcDbLine
 10
189.232
 20
-80.34499999999999
 30
0.0
 11
189.232
 21
-67.34500000000001
 31
0.0
  0
LINE
  5
307
330
70
100
AcDbEntity
  8
HADE Julie60 True EC split bs v1_julier2-ec plate v1_0
100
AcDbLine
 10
37.01950000000004
 20
-61.795
 30
0.0
 11
50.61950000000006
 21
-61.79500000000001
 31
0.0
  0
LINE
  5
308
330
70
100
AcDbEntity
  8
HADE Julie60 True EC split bs v1_julier2-ec plate v1_0
100
AcDbLine
 10
132.0819999999999
 20
-80.34499999999999
 30
0.0
 11
132.082
 21
-67.34500000000001
 31
0.0
  0
LINE
  5
309
330
70
100
AcDbEntity
  8
HADE Julie60 True EC split bs v1_julier2-ec plate v1_0
100
AcDbLine
 10
141.107
 20
-47.79499999999998
 30
0.0
 11
127.5069999999999
 21
-47.79500000000002
 31
0.0
  0
CIRCLE
  5
30A
330
70
100
AcDbEntity
  8
HADE Julie60 True EC split bs v1_julier2-ec plate v1_0
100
AcDbCircle
 10
139.0695
 20
-35.74499999999999
 30
0.0
 40
1.0
  0
ARC
  5
30B
330
70
100
AcDbEntity
  8
HADE Julie60 True EC split bs v1_julier2-ec plate v1_0
100
AcDbCircle
 10
79.88200000000003
 20
-80.34500000000003
 30
0.0
 40
0.4999999999999716
100
AcDbArc
 50
179.9999999999967
 51
270.0000000000033
  0
ARC
  5
30C
330
70
100
AcDbEntity
  8
HADE Julie60 True EC split bs v1_julier2-ec plate v1_0
100
AcDbCircle
 10
264.931999
 20
-80.34499899999998
 30
0.0
 40
0.5000010000010011
100
AcDbArc
 50
270.0001145913295
 51
359.9998854086688
  0
LINE
  5
30D
330
70
100
AcDbEntity
  8
HADE Julie60 True EC split bs v1_julier2-ec plate v1_0
100
AcDbLine
 10
283.1132500000001
 20
-61.76999999999999
 30
0.0
 11
314.11325
 21
-61.76999999999999
 31
0.0
  0
LINE
  5
30E
330
70
100
AcDbEntity
  8
HADE Julie60 True EC split bs v1_julier2-ec plate v1_0
100
AcDbLine
 10
36.51950000000003
 20
-48.29499999999999
 30
0.0
 11
36.51950000000003
 21
-61.295
 31
0.0
  0
ARC
  5
30F
330
70
100
AcDbEntity
  8
HADE Julie60 True EC split bs v1_julier2-ec plate v1_0
100
AcDbCircle
 10
141.106999
 20
-48.295001
 30
0.0
 40
0.5000010000010188
100
AcDbArc
 50
0.0001145913328109
 51
89.9998854086672
  0
LINE
  5
310
330
70
100
AcDbEntity
  8
HADE Julie60 True EC split bs v1_julier2-ec plate v1_0
100
AcDbLine
 10
41.78200000000003
 20
-42.74500000000003
 30
0.0
 11
55.38200000000003
 21
-42.74500000000002
 31
0.0
  0
CIRCLE
  5
311
330
70
100
AcDbEntity
  8
HADE Julie60 True EC split bs v1_julier2-ec plate v1_0
100
AcDbCircle
 10
205.7445
 20
-35.74499999999997
 30
0.0
 40
1.0
  0
LINE
  5
312
330
70
100
AcDbEntity
  8
HADE Julie60 True EC split bs v1_julier2-ec plate v1_0
100
AcDbLine
 10
55.88200000000006
 20
-99.39500000000004
 30
0.0
 11
55.88200000000004
 21
-86.39500000000003
 31
0.0
  0
LINE
  5
313
330
70
100
AcDbEntity
  8
HADE Julie60 True EC split bs v1_julier2-ec plate v1_0
100
AcDbLine
 10
183.9695
 20
-104.945
 30
0.0
 11
170.3695
 21
-104.945
 31
0.0
  0
LINE
  5
314
330
70
100
AcDbEntity
  8
HADE Julie60 True EC split bs v1_julier2-ec plate v1_0
100
AcDbLine
 10
174.4445
 20
-85.89499999999999
 30
0.0
 11
160.8445
 21
-85.89499999999999
 31
0.0
  0
ARC
  5
315
330
70
100
AcDbEntity
  8
HADE Julie60 True EC split bs v1_julier2-ec plate v1_0
100
AcDbCircle
 10
55.38199900000002
 20
-29.2450010000001
 30
0.0
 40
0.5000010000010899
100
AcDbArc
 50
0.0001145913372891
 51
89.99988540866883
  0
LINE
  5
316
330
70
100
AcDbEntity
  8
HADE Julie60 True EC split bs v1_julier2-ec plate v1_0
100
AcDbLine
 10
298.4570000000001
 20
-86.39499999999998
 30
0.0
 11
298.4570000000001
 21
-99.39499999999998
 31
0.0
  0
LINE
  5
317
330
70
100
AcDbEntity
  8
HADE Julie60 True EC split bs v1_julier2-ec plate v1_0
100
AcDbLine
 10
126.8195
 20
-29.29499999999999
 30
0.0
 11
126.8195
 21
-42.195
 31
0.0
  0
LINE
  5
318
330
70
100
AcDbEntity
  8
HADE Julie60 True EC split bs v1_julier2-ec plate v1_0
100
AcDbLine
 10
132.2695
 20
-118.945
 30
0.0
 11
145.8695
 21
-118.945
 31
0.0
  0
LINE
  5
319
330
70
100
AcDbEntity
  8
HADE Julie60 True EC split bs v1_julier2-ec plate v1_0
100
AcDbLine
 10
122.7445
 20
-99.89500000000004
 30
0.0
 11
136.3445
 21
-99.89500000000004
 31
0.0
  0
LINE
  5
31A
330
70
100
AcDbEntity
  8
HADE Julie60 True EC split bs v1_julier2-ec plate v1_0
100
AcDbLine
 10
170.3695
 20
-42.745
 30
0.0
 11
183.9695
 21
-42.74499999999998
 31
0.0
  0
LINE
  5
31B
330
70
100
AcDbEntity
  8
HADE Julie60 True EC split bs v1_julier2-ec plate v1_0
100
AcDbLine
 10
88.90699999999993
 20
-29.24500000000004
 30
0.0
 11
88.90699999999993
 21
-42.245
 31
0.0
  0
LINE
  5
31C
330
70
100
AcDbEntity
  8
HADE Julie60 True EC split bs v1_julier2-ec plate v1_0
100
AcDbLine
 10
170.3695
 20
-118.945
 30
0.0
 11
183.9695
 21
-118.945
 31
0.0
  0
LINE
  5
31D
330
70
100
AcDbEntity
  8
HADE Julie60 True EC split bs v1_julier2-ec plate v1_0
100
AcDbLine
 10
170.3695
 20
-42.745
 30
0.0
 11
183.9695
 21
-42.74499999999998
 31
0.0
  0
ARC
  5
31E
330
70
100
AcDbEntity
  8
HADE Julie60 True EC split bs v1_julier2-ec plate v1_0
100
AcDbCircle
 10
98.932
 20
-67.34499999999996
 30
0.0
 40
0.4999999999999716
100
AcDbArc
 50
89.99999999999349
 51
180.0000000000049
  0
LINE
  5
31F
330
70
100
AcDbEntity
  8
HADE Julie60 True EC split bs v1_julier2-ec plate v1_0
100
AcDbLine
 10
274.6445
 20
-86.39499999999998
 30
0.0
 11
274.6445
 21
-99.39499999999998
 31
0.0
  0
LINE
  5
320
330
70
100
AcDbEntity
  8
HADE Julie60 True EC split bs v1_julier2-ec plate v1_0
100
AcDbLine
 10
264.9320000000001
 20
-28.74499999999994
 30
0.0
 11
251.3320000000001
 21
-28.74499999999997
 31
0.0
  0
ARC
  5
321
330
70
100
AcDbEntity
  8
HADE Julie60 True EC split bs v1_julier2-ec plate v1_0
100
AcDbCircle
 10
127.5069999999999
 20
-48.29499999999995
 30
0.0
 40
0.4999999999999361
100
AcDbArc
 50
89.99999999999186
 51
180.000000000004
  0
LINE
  5
322
330
70
100
AcDbEntity
  8
HADE Julie60 True EC split bs v1_julier2-ec plate v1_0
100
AcDbLine
 10
126.8195
 20
-29.29499999999999
 30
0.0
 11
126.8195
 21
-42.195
 31
0.0
  0
ARC
  5
323
330
70
100
AcDbEntity
  8
HADE Julie60 True EC split bs v1_julier2-ec plate v1_0
100
AcDbCircle
 10
-126.3195
 20
-42.19500000000002
 30
0.0
 40
0.4999999999999716
210
0.0
220
0.0
230
-1.0
100
AcDbArc
 50
179.9999999999975
 51
270.0
  0
ARC
  5
324
330
70
100
AcDbEntity
  8
HADE Julie60 True EC split bs v1_julier2-ec plate v1_0
100
AcDbCircle
 10
93.48199900000004
 20
-67.34500099999999
 30
0.0
 40
0.5000010000009655
100
AcDbArc
 50
0.000114591329554
 51
89.99988540867208
  0
ARC
  5
325
330
70
100
AcDbEntity
  8
HADE Julie60 True EC split bs v1_julier2-ec plate v1_0
100
AcDbCircle
 10
-126.3195
 20
-29.29499999999997
 30
0.0
 40
0.5000000000000205
210
0.0
220
0.0
230
-1.0
100
AcDbArc
 50
90.0
 51
180.0000000000024
  0
ARC
  5
326
330
70
100
AcDbEntity
  8
HADE Julie60 True EC split bs v1_julier2-ec plate v1_0
100
AcDbCircle
 10
-126.3195
 20
-42.19500000000002
 30
0.0
 40
0.4999999999999716
210
0.0
220
0.0
230
-1.0
100
AcDbArc
 50
179.9999999999975
 51
270.0
  0
LINE
  5
327
330
70
100
AcDbEntity
  8
HADE Julie60 True EC split bs v1_julier2-ec plate v1_0
100
AcDbLine
 10
183.9695
 20
-28.74499999999999
 30
0.0
 11
170.3695
 21
-28.74499999999999
 31
0.0
  0
LINE
  5
328
330
70
100
AcDbEntity
  8
HADE Julie60 True EC split bs v1_julier2-ec plate v1_0
100
AcDbLine
 10
127.007
 20
-48.29499999999999
 30
0.0
 11
127.007
 21
-61.295
 31
0.0
  0
ARC
  5
329
330
70
100
AcDbEntity
  8
HADE Julie60 True EC split bs v1_julier2-ec plate v1_0
100
AcDbCircle
 10
108.457
 20
-61.295
 30
0.0
 40
0.4999999999999894
100
AcDbArc
 50
180.0
 51
270.0
  0
LINE
  5
32A
330
70
100
AcDbEntity
  8
HADE Julie60 True EC split bs v1_julier2-ec plate v1_0
100
AcDbLine
 10
55.38200000000003
 20
-28.74500000000001
 30
0.0
 11
41.78200000000003
 21
-28.74500000000001
 31
0.0
  0
ARC
  5
32B
330
70
100
AcDbEntity
  8
HADE Julie60 True EC split bs v1_julier2-ec plate v1_0
100
AcDbCircle
 10
179.206999
 20
-48.295001
 30
0.0
 40
0.5000010000010188
100
AcDbArc
 50
0.0001145913319967
 51
89.99988540867045
  0
LINE
  5
32C
330
70
100
AcDbEntity
  8
HADE Julie60 True EC split bs v1_julier2-ec plate v1_0
100
AcDbLine
 10
255.4070000000001
 20
-47.79499999999999
 30
0.0
 11
241.807
 21
-47.795
 31
0.0
  0
ARC
  5
32D
330
70
100
AcDbEntity
  8
HADE Julie60 True EC split bs v1_julier2-ec plate v1_0
100
AcDbCircle
 10
264.931999
 20
-42.24499899999996
 30
0.0
 40
0.5000010000010011
100
AcDbArc
 50
270.0001145913295
 51
359.9998854086672
  0
CIRCLE
  5
32E
330
70
100
AcDbEntity
  8
HADE Julie60 True EC split bs v1_julier2-ec plate v1_0
100
AcDbCircle
 10
124.782
 20
-54.79500000000001
 30
0.0
 40
1.0
  0
LINE
  5
32F
330
70
100
AcDbEntity
  8
HADE Julie60 True EC split bs v1_julier2-ec plate v1_0
100
AcDbLine
 10
289.2445000000002
 20
-99.39500000000002
 30
0.0
 11
289.2445000000001
 21
-86.39499999999998
 31
0.0
  0
LINE
  5
330
330
70
100
AcDbEntity
  8
HADE Julie60 True EC split bs v1_julier2-ec plate v1_0
100
AcDbLine
 10
122.557
 20
-61.29500000000001
 30
0.0
 11
122.557
 21
-48.29499999999999
 31
0.0
  0
LINE
  5
331
330
70
100
AcDbEntity
  8
HADE Julie60 True EC split bs v1_julier2-ec plate v1_0
100
AcDbLine
 10
141.607
 20
-61.29499999999999
 30
0.0
 11
141.607
 21
-48.29499999999998
 31
0.0
  0
ARC
  5
332
330
70
100
AcDbEntity
  8
HADE Julie60 True EC split bs v1_julier2-ec plate v1_0
100
AcDbCircle
 10
-126.3195
 20
-29.29499999999997
 30
0.0
 40
0.5000000000000205
210
0.0
220
0.0
230
-1.0
100
AcDbArc
 50
90.0
 51
180.0000000000024
  0
ARC
  5
333
330
70
100
AcDbEntity
  8
HADE Julie60 True EC split bs v1_julier2-ec plate v1_0
100
AcDbCircle
 10
89.40699999999997
 20
-42.24499999999992
 30
0.0
 40
0.5000000000000427
100
AcDbArc
 50
180.0000000000089
 51
270.0000000000049
  0
ARC
  5
334
330
70
100
AcDbEntity
  8
HADE Julie60 True EC split bs v1_julier2-ec plate v1_0
100
AcDbCircle
 10
298.957001
 20
-86.39500099999997
 30
0.0
 40
0.5000010000009834
100
AcDbArc
 50
90.00011459132958
 51
179.9998854086704
  0
LINE
  5
335
330
70
100
AcDbEntity
  8
HADE Julie60 True EC split bs v1_julier2-ec plate v1_0
100
AcDbLine
 10
108.457
 20
-61.79499999999999
 30
0.0
 11
122.057
 21
-61.79499999999999
 31
0.0
  0
LINE
  5
336
330
70
100
AcDbEntity
  8
HADE Julie60 True EC split bs v1_julier2-ec plate v1_0
100
AcDbLine
 10
284.6695
 20
-118.945
 30
0.0
 11
298.2695
 21
-118.945
 31
0.0
  0
LINE
  5
337
330
70
100
AcDbEntity
  8
HADE Julie60 True EC split bs v1_julier2-ec plate v1_0
100
AcDbLine
 10
103.5069999999999
 20
-61.295
 30
0.0
 11
103.507
 21
-48.29500000000002
 31
0.0
  0
ARC
  5
338
330
70
100
AcDbEntity
  8
HADE Julie60 True EC split bs v1_julier2-ec plate v1_0
100
AcDbCircle
 10
296.57575
 20
-80.34499999999997
 30
0.0
 40
0.5000000000000071
100
AcDbArc
 50
180.0
 51
270.0
  0
LINE
  5
339
330
70
100
AcDbEntity
  8
HADE Julie60 True EC split bs v1_julier2-ec plate v1_0
100
AcDbLine
 10
145.8695
 20
-104.945
 30
0.0
 11
132.2695
 21
-104.9449999999999
 31
0.0
  0
LINE
  5
33A
330
70
100
AcDbEntity
  8
HADE Julie60 True EC split bs v1_julier2-ec plate v1_0
100
AcDbLine
 10
79.88200000000006
 20
-80.845
 30
0.0
 11
93.48200000000005
 21
-80.845
 31
0.0
  0
CIRCLE
  5
33B
330
70
100
AcDbEntity
  8
HADE Julie60 True EC split bs v1_julier2-ec plate v1_0
100
AcDbCircle
 10
139.0695
 20
-35.74499999999999
 30
0.0
 40
1.0
  0
ARC
  5
33C
330
70
100
AcDbEntity
  8
HADE Julie60 True EC split bs v1_julier2-ec plate v1_0
100
AcDbCircle
 10
50.61949900000005
 20
-48.29500100000004
 30
0.0
 40
0.5000010000010188
100
AcDbArc
 50
0.0001145913344394
 51
89.99988540866883
  0
LINE
  5
33D
330
70
100
AcDbEntity
  8
HADE Julie60 True EC split bs v1_julier2-ec plate v1_0
100
AcDbLine
 10
288.7445
 20
-28.74499999999997
 30
0.0
 11
275.1445
 21
-28.74499999999997
 31
0.0
  0
ARC
  5
33E
330
70
100
AcDbEntity
  8
HADE Julie60 True EC split bs v1_julier2-ec plate v1_0
100
AcDbCircle
 10
37.0195
 20
-61.29500000000003
 30
0.0
 40
0.4999999999999716
100
AcDbArc
 50
179.9999999999959
 51
270.0000000000041
  0
LINE
  5
33F
330
70
100
AcDbEntity
  8
HADE Julie60 True EC split bs v1_julier2-ec plate v1_0
100
AcDbLine
 10
107.957
 20
-48.29499999999999
 30
0.0
 11
107.957
 21
-61.295
 31
0.0
  0
ARC
  5
340
330
70
100
AcDbEntity
  8
HADE Julie60 True EC split bs v1_julier2-ec plate v1_0
100
AcDbCircle
 10
288.7444990000001
 20
-86.39500099999997
 30
0.0
 40
0.5000010000009834
100
AcDbArc
 50
0.000114591329554
 51
89.99988540868349
  0
ENDSEC
  0
SECTION
  2
OBJECTS
  0
DICTIONARY
  5
C
330
0
100
AcDbDictionary
281
     1
  3
ACAD_COLOR
350
63
  3
ACAD_DETAILVIEWSTYLE
350
6A
  3
ACAD_GROUP
350
D
  3
ACAD_LAYOUT
350
62
  3
ACAD_MATERIAL
350
10
  3
ACAD_MLEADERSTYLE
350
66
  3
ACAD_MLINESTYLE
350
5F
  3
ACAD_PLOTSETTINGS
350
61
  3
ACAD_PLOTSTYLENAME
350
E
  3
ACAD_SCALELIST
350
42
  3
ACAD_SECTIONVIEWSTYLE
350
68
  3
ACAD_TABLESTYLE
350
64
  3
ACAD_VISUALSTYLE
350
29
  3
ACDB_RECOMPOSE_DATA
350
349
  3
AcDbVariableDictionary
350
341
  0
DICTIONARY
  5
63
102
{ACAD_REACTORS
330
C
102
}
330
C
100
AcDbDictionary
281
     1
  0
DICTIONARY
  5
6A
102
{ACAD_REACTORS
330
C
102
}
330
C
100
AcDbDictionary
281
     1
  3
Imperial24
350
6B
  0
DICTIONARY
  5
D
102
{ACAD_REACTORS
330
C
102
}
330
C
100
AcDbDictionary
281
     1
  0
DICTIONARY
  5
62
102
{ACAD_REACTORS
330
C
102
}
330
C
100
AcDbDictionary
281
     1
  3
Layout1
350
6F
  3
Layout2
350
77
  3
Model
350
73
  0
DICTIONARY
  5
10
102
{ACAD_REACTORS
330
C
102
}
330
C
100
AcDbDictionary
281
     1
  3
ByBlock
350
19
  3
ByLayer
350
11
  3
Global
350
21
  0
DICTIONARY
  5
66
102
{ACAD_REACTORS
330
C
102
}
330
C
100
AcDbDictionary
281
     1
  3
Standard
350
67
  0
DICTIONARY
  5
5F
102
{ACAD_REACTORS
330
C
102
}
330
C
100
AcDbDictionary
281
     1
  3
Standard
350
60
  0
DICTIONARY
  5
61
102
{ACAD_REACTORS
330
C
102
}
330
C
100
AcDbDictionary
281
     1
  0
ACDBDICTIONARYWDFLT
  5
E
102
{ACAD_REACTORS
330
C
102
}
330
C
100
AcDbDictionary
281
     1
  3
Normal
350
F
100
AcDbDictionaryWithDefault
340
F
  0
DICTIONARY
  5
42
102
{ACAD_REACTORS
330
C
102
}
330
C
100
AcDbDictionary
281
     1
  3
A0
350
43
  3
A1
350
44
  3
A2
350
45
  3
A3
350
46
  3
A4
350
47
  3
A5
350
48
  3
A6
350
49
  3
A7
350
4A
  3
A8
350
4B
  3
A9
350
4C
  3
B0
350
4D
  3
B1
350
4E
  3
B2
350
4F
  3
B3
350
50
  3
B4
350
51
  3
B5
350
52
  3
B6
350
53
  0
DICTIONARY
  5
68
102
{ACAD_REACTORS
330
C
102
}
330
C
100
AcDbDictionary
281
     1
  3
Imperial24
350
69
  0
DICTIONARY
  5
64
102
{ACAD_REACTORS
330
C
102
}
330
C
100
AcDbDictionary
281
     1
  3
Standard
350
65
  0
DICTIONARY
  5
29
102
{ACAD_REACTORS
330
C
102
}
330
C
100
AcDbDictionary
281
     1
  3
2dWireframe
350
2F
  3
Basic
350
2E
  3
Brighten
350
35
  3
ColorChange
350
39
  3
Conceptual
350
32
  3
Dim
350
34
  3
EdgeColorOff
350
41
  3
Facepattern
350
38
  3
Flat
350
2A
  3
FlatWithEdges
350
2B
  3
Gouraud
350
2C
  3
GouraudWithEdges
350
2D
  3
Hidden
350
31
  3
JitterOff
350
3F
  3
Linepattern
350
37
  3
OverhangOff
350
40
  3
Realistic
350
33
  3
Shaded
350
3E
  3
Shaded with edges
350
3D
  3
Shades of Gray
350
3A
  3
Sketchy
350
3B
  3
Thicken
350
36
  3
Wireframe
350
30
  3
X-Ray
350
3C
  0
XRECORD
  5
349
102
{ACAD_REACTORS
330
C
102
}
330
C
100
AcDbXrecord
280
     1
 90
        1
330
65
  0
DICTIONARY
  5
341
102
{ACAD_REACTORS
330
C
102
}
330
C
100
AcDbDictionary
281
     1
  3
CANNOSCALE
350
346
  3
CMLEADERSTYLE
350
343
  3
CTABLESTYLE
350
342
  3
CVIEWDETAILSTYLE
350
344
  3
CVIEWSECTIONSTYLE
350
345
  0
ACDBDETAILVIEWSTYLE
  5
6B
102
{ACAD_XDICTIONARY
360
34C
102
}
102
{ACAD_REACTORS
330
6A
102
}
330
6A
100
AcDbModelDocViewStyle
 70
     0
  3
Imperial24
290
     0
100
AcDbDetailViewStyle
 70
     0
 71
     0
 90
        3
 71
     1
340
55
 62
   256
 40
0.24
340
0
 62
   256
 40
0.24
300

 40
0.36
280
     3
 71
     2
340
5D
 90
       25
 62
   256
 71
     3
340
55
 62
   256
 40
0.24
 90
        1
 40
0.75
 90
        1
300
%<\AcVar ViewType \f "%tc1">% %<\AcVar ViewDetailId>%\PSCALE %<\AcVar ViewScale \f "%sn">%
 71
     4
340
5D
 90
       25
 62
   256
340
5D
 90
       25
 62
   256
280
     0
  0
LAYOUT
  5
6F
102
{ACAD_REACTORS
330
62
102
}
330
62
100
AcDbPlotSettings
  1

  2

  4

  6

 40
0.0
 41
0.0
 42
0.0
 43
0.0
 44
0.0
 45
0.0
 46
0.0
 47
0.0
 48
0.0
 49
0.0
140
0.0
141
0.0
142
1.0
143
1.0
 70
   688
 72
     0
 73
     0
 74
     5
  7

 75
    16
147
1.0
 76
     0
 77
     2
 78
   300
148
0.0
149
0.0
100
AcDbLayout
  1
Layout1
 70
     1
 71
     1
 10
0.0
 20
0.0
 11
12.0
 21
9.0
 12
0.0
 22
0.0
 32
0.0
 14
0.0
 24
0.0
 34
0.0
 15
0.0
 25
0.0
 35
0.0
146
0.0
 13
0.0
 23
0.0
 33
0.0
 16
1.0
 26
0.0
 36
0.0
 17
0.0
 27
1.0
 37
0.0
 76
     0
330
6C
  0
LAYOUT
  5
77
102
{ACAD_REACTORS
330
62
102
}
330
62
100
AcDbPlotSettings
  1

  2

  4

  6

 40
0.0
 41
0.0
 42
0.0
 43
0.0
 44
0.0
 45
0.0
 46
0.0
 47
0.0
 48
0.0
 49
0.0
140
0.0
141
0.0
142
1.0
143
1.0
 70
   688
 72
     0
 73
     0
 74
     5
  7

 75
    16
147
1.0
 76
     0
 77
     2
 78
   300
148
0.0
149
0.0
100
AcDbLayout
  1
Layout2
 70
     1
 71
     2
 10
0.0
 20
0.0
 11
12.0
 21
9.0
 12
0.0
 22
0.0
 32
0.0
 14
0.0
 24
0.0
 34
0.0
 15
0.0
 25
0.0
 35
0.0
146
0.0
 13
0.0
 23
0.0
 33
0.0
 16
1.0
 26
0.0
 36
0.0
 17
0.0
 27
1.0
 37
0.0
 76
     0
330
74
  0
LAYOUT
  5
73
102
{ACAD_REACTORS
330
62
102
}
330
62
100
AcDbPlotSettings
  1

  2

  4

  6

 40
0.0
 41
0.0
 42
0.0
 43
0.0
 44
0.0
 45
0.0
 46
0.0
 47
0.0
 48
0.0
 49
0.0
140
0.0
141
0.0
142
1.0
143
1.0
 70
  1712
 72
     0
 73
     0
 74
     0
  7

 75
     0
147
1.0
 76
     0
 77
     2
 78
   300
148
0.0
149
0.0
100
AcDbLayout
  1
Model
 70
     1
 71
     0
 10
0.0
 20
0.0
 11
12.0
 21
9.0
 12
0.0
 22
0.0
 32
0.0
 14
0.0
 24
0.0
 34
0.0
 15
0.0
 25
0.0
 35
0.0
146
0.0
 13
0.0
 23
0.0
 33
0.0
 16
1.0
 26
0.0
 36
0.0
 17
0.0
 27
1.0
 37
0.0
 76
     0
330
70
  0
MATERIAL
  5
19
102
{ACAD_XDICTIONARY
360
1A
102
}
102
{ACAD_REACTORS
330
10
102
}
330
10
100
AcDbMaterial
  1
ByBlock
 72
     0
 43
0.0208333333333333
 43
0.0
 43
0.0
 43
0.0
 43
0.0
 43
0.0208333333333333
 43
0.0
 43
0.0
 43
0.0
 43
0.0
 43
1.0
 43
0.0
 43
0.0
 43
0.0
 43
0.0
 43
1.0
 77
     0
 47
0.0208333333333333
 47
0.0
 47
0.0
 47
0.0
 47
0.0
 47
0.0208333333333333
 47
0.0
 47
0.0
 47
0.0
 47
0.0
 47
1.0
 47
0.0
 47
0.0
 47
0.0
 47
0.0
 47
1.0
171
     0
 49
0.0208333333333333
 49
0.0
 49
0.0
 49
0.0
 49
0.0
 49
0.0208333333333333
 49
0.0
 49
0.0
 49
0.0
 49
0.0
 49
1.0
 49
0.0
 49
0.0
 49
0.0
 49
0.0
 49
1.0
175
     0
142
0.0208333333333333
142
0.0
142
0.0
142
0.0
142
0.0
142
0.0208333333333333
142
0.0
142
0.0
142
0.0
142
0.0
142
1.0
142
0.0
142
0.0
142
0.0
142
0.0
142
1.0
179
     0
144
0.0208333333333333
144
0.0
144
0.0
144
0.0
144
0.0
144
0.0208333333333333
144
0.0
144
0.0
144
0.0
144
0.0
144
1.0
144
0.0
144
0.0
144
0.0
144
0.0
144
1.0
147
0.0208333333333333
147
0.0
147
0.0
147
0.0
147
0.0
147
0.0208333333333333
147
0.0
147
0.0
147
0.0
147
0.0
147
1.0
147
0.0
147
0.0
147
0.0
147
0.0
147
1.0
  0
MATERIAL
  5
11
102
{ACAD_XDICTIONARY
360
12
102
}
102
{ACAD_REACTORS
330
10
102
}
330
10
100
AcDbMaterial
  1
ByLayer
 72
     0
 43
0.0208333333333333
 43
0.0
 43
0.0
 43
0.0
 43
0.0
 43
0.0208333333333333
 43
0.0
 43
0.0
 43
0.0
 43
0.0
 43
1.0
 43
0.0
 43
0.0
 43
0.0
 43
0.0
 43
1.0
 77
     0
 47
0.0208333333333333
 47
0.0
 47
0.0
 47
0.0
 47
0.0
 47
0.0208333333333333
 47
0.0
 47
0.0
 47
0.0
 47
0.0
 47
1.0
 47
0.0
 47
0.0
 47
0.0
 47
0.0
 47
1.0
171
     0
 49
0.0208333333333333
 49
0.0
 49
0.0
 49
0.0
 49
0.0
 49
0.0208333333333333
 49
0.0
 49
0.0
 49
0.0
 49
0.0
 49
1.0
 49
0.0
 49
0.0
 49
0.0
 49
0.0
 49
1.0
175
     0
142
0.0208333333333333
142
0.0
142
0.0
142
0.0
142
0.0
142
0.0208333333333333
142
0.0
142
0.0
142
0.0
142
0.0
142
1.0
142
0.0
142
0.0
142
0.0
142
0.0
142
1.0
179
     0
144
0.0208333333333333
144
0.0
144
0.0
144
0.0
144
0.0
144
0.0208333333333333
144
0.0
144
0.0
144
0.0
144
0.0
144
1.0
144
0.0
144
0.0
144
0.0
144
0.0
144
1.0
147
0.0208333333333333
147
0.0
147
0.0
147
0.0
147
0.0
147
0.0208333333333333
147
0.0
147
0.0
147
0.0
147
0.0
147
1.0
147
0.0
147
0.0
147
0.0
147
0.0
147
1.0
  0
MATERIAL
  5
21
102
{ACAD_XDICTIONARY
360
22
102
}
102
{ACAD_REACTORS
330
10
102
}
330
10
100
AcDbMaterial
  1
Global
 72
     0
 43
0.0208333333333333
 43
0.0
 43
0.0
 43
0.0
 43
0.0
 43
0.0208333333333333
 43
0.0
 43
0.0
 43
0.0
 43
0.0
 43
1.0
 43
0.0
 43
0.0
 43
0.0
 43
0.0
 43
1.0
 77
     0
 47
0.0208333333333333
 47
0.0
 47
0.0
 47
0.0
 47
0.0
 47
0.0208333333333333
 47
0.0
 47
0.0
 47
0.0
 47
0.0
 47
1.0
 47
0.0
 47
0.0
 47
0.0
 47
0.0
 47
1.0
171
     0
 49
0.0208333333333333
 49
0.0
 49
0.0
 49
0.0
 49
0.0
 49
0.0208333333333333
 49
0.0
 49
0.0
 49
0.0
 49
0.0
 49
1.0
 49
0.0
 49
0.0
 49
0.0
 49
0.0
 49
1.0
175
     0
142
0.0208333333333333
142
0.0
142
0.0
142
0.0
142
0.0
142
0.0208333333333333
142
0.0
142
0.0
142
0.0
142
0.0
142
1.0
142
0.0
142
0.0
142
0.0
142
0.0
142
1.0
179
     0
144
0.0208333333333333
144
0.0
144
0.0
144
0.0
144
0.0
144
0.0208333333333333
144
0.0
144
0.0
144
0.0
144
0.0
144
1.0
144
0.0
144
0.0
144
0.0
144
0.0
144
1.0
147
0.0208333333333333
147
0.0
147
0.0
147
0.0
147
0.0
147
0.0208333333333333
147
0.0
147
0.0
147
0.0
147
0.0
147
1.0
147
0.0
147
0.0
147
0.0
147
0.0
147
1.0
  0
MLEADERSTYLE
  5
67
102
{ACAD_REACTORS
330
66
102
}
330
66
100
AcDbMLeaderStyle
179
     2
170
     2
171
     1
172
     0
 90
        2
 40
0.0
 41
0.0
173
     1
 91
-1056964608
340
5B
 92
       -2
290
     1
 42
0.09
291
     1
 43
0.36
  3
Standard
 44
0.18
300

342
55
174
     1
178
     6
175
     1
176
     0
 93
-1056964608
 45
0.18
292
     0
297
     0
 46
0.18
 94
-1056964608
 47
1.0
 49
1.0
140
1.0
293
     1
141
0.0
294
     1
177
     0
142
1.0
295
     0
296
     0
143
0.125
271
     0
272
     9
273
     9
298
     1
  0
MLINESTYLE
  5
60
102
{ACAD_REACTORS
330
5F
102
}
330
5F
100
AcDbMlineStyle
  2
STANDARD
 70
     0
  3

 62
   256
 51
90.0
 52
90.0
 71
     2
 49
0.5
 62
   256
  6
BYLAYER
 49
-0.5
 62
   256
  6
BYLAYER
  0
ACDBPLACEHOLDER
  5
F
102
{ACAD_REACTORS
330
E
102
}
330
E
  0
SCALE
  5
43
102
{ACAD_REACTORS
330
42
102
}
330
42
100
AcDbScale
 70
     0
300
1:1
140
1.0
141
1.0
290
     1
  0
SCALE
  5
44
102
{ACAD_REACTORS
330
42
102
}
330
42
100
AcDbScale
 70
     0
300
1/128" = 1'-0"
140
0.0078125
141
12.0
290
     0
  0
SCALE
  5
45
102
{ACAD_REACTORS
330
42
102
}
330
42
100
AcDbScale
 70
     0
300
1/64" = 1'-0"
140
0.015625
141
12.0
290
     0
  0
SCALE
  5
46
102
{ACAD_REACTORS
330
42
102
}
330
42
100
AcDbScale
 70
     0
300
1/32" = 1'-0"
140
0.03125
141
12.0
290
     0
  0
SCALE
  5
47
102
{ACAD_REACTORS
330
42
102
}
330
42
100
AcDbScale
 70
     0
300
1/16" = 1'-0"
140
0.0625
141
12.0
290
     0
  0
SCALE
  5
48
102
{ACAD_REACTORS
330
42
102
}
330
42
100
AcDbScale
 70
     0
300
3/32" = 1'-0"
140
0.09375
141
12.0
290
     0
  0
SCALE
  5
49
102
{ACAD_REACTORS
330
42
102
}
330
42
100
AcDbScale
 70
     0
300
1/8" = 1'-0"
140
0.125
141
12.0
290
     0
  0
SCALE
  5
4A
102
{ACAD_REACTORS
330
42
102
}
330
42
100
AcDbScale
 70
     0
300
3/16" = 1'-0"
140
0.1875
141
12.0
290
     0
  0
SCALE
  5
4B
102
{ACAD_REACTORS
330
42
102
}
330
42
100
AcDbScale
 70
     0
300
1/4" = 1'-0"
140
0.25
141
12.0
290
     0
  0
SCALE
  5
4C
102
{ACAD_REACTORS
330
42
102
}
330
42
100
AcDbScale
 70
     0
300
3/8" = 1'-0"
140
0.375
141
12.0
290
     0
  0
SCALE
  5
4D
102
{ACAD_REACTORS
330
42
102
}
330
42
100
AcDbScale
 70
     0
300
1/2" = 1'-0"
140
0.5
141
12.0
290
     0
  0
SCALE
  5
4E
102
{ACAD_REACTORS
330
42
102
}
330
42
100
AcDbScale
 70
     0
300
3/4" = 1'-0"
140
0.75
141
12.0
290
     0
  0
SCALE
  5
4F
102
{ACAD_REACTORS
330
42
102
}
330
42
100
AcDbScale
 70
     0
300
1" = 1'-0"
140
1.0
141
12.0
290
     0
  0
SCALE
  5
50
102
{ACAD_REACTORS
330
42
102
}
330
42
100
AcDbScale
 70
     0
300
1-1/2" = 1'-0"
140
1.5
141
12.0
290
     0
  0
SCALE
  5
51
102
{ACAD_REACTORS
330
42
102
}
330
42
100
AcDbScale
 70
     0
300
3" = 1'-0"
140
3.0
141
12.0
290
     0
  0
SCALE
  5
52
102
{ACAD_REACTORS
330
42
102
}
330
42
100
AcDbScale
 70
     0
300
6" = 1'-0"
140
6.0
141
12.0
290
     0
  0
SCALE
  5
53
102
{ACAD_REACTORS
330
42
102
}
330
42
100
AcDbScale
 70
     0
300
1'-0" = 1'-0"
140
12.0
141
12.0
290
     0
  0
ACDBSECTIONVIEWSTYLE
  5
69
102
{ACAD_XDICTIONARY
360
34A
102
}
102
{ACAD_REACTORS
330
68
102
}
330
68
100
AcDbModelDocViewStyle
 70
     0
  3
Imperial24
290
     0
100
AcDbSectionViewStyle
 70
     0
 71
     0
 90
       78
 71
     1
340
55
 62
   256
 40
0.24
340
0
340
0
 62
   256
 40
0.24
300
I, O, Q, S, X, Z
 40
0.48
 90
        3
 40
0.18
 90
        1
 71
     2
340
5D
 90
       25
 62
   256
340
5D
 90
       50
 62
   256
 40
0.24
 40
0.0
 40
0.24
 71
     3
340
55
 62
   256
 40
0.24
 90
        1
 40
0.75
 90
        1
300
%<\AcVar ViewType \f "%tc1">% %<\AcVar ViewSectionStartId>%-%<\AcVar ViewSectionEndId>%\PSCALE %<\AcVar ViewScale \f "%sn">%
 71
     4
 62
   256
 62
   257
300
ANSI31
 40
1.0
 90
        0
290
     0
290
     0
 90
        6
 40
0.0
 40
1.570796326794896
 40
0.2617993877991494
 40
1.308996938995747
 40
-0.2617993877991494
 40
1.832595714594046
  0
TABLESTYLE
  5
65
102
{ACAD_XDICTIONARY
360
347
102
}
102
{ACAD_REACTORS
330
64
102
}
330
64
100
AcDbTableStyle
280
     0
  3
Standard
 70
     0
 71
     0
 40
0.06
 41
0.06
280
     0
281
     0
  7
Standard
140
0.18
170
     2
 62
     0
 63
     7
283
     0
 90
      512
 91
        0
  1

274
    -2
284
     1
 64
     0
275
    -2
285
     1
 65
     0
276
    -2
286
     1
 66
     0
277
    -2
287
     1
 67
     0
278
    -2
288
     1
 68
     0
279
    -2
289
     1
 69
     0
  7
Standard
140
0.25
170
     5
 62
     0
 63
     7
283
     0
 90
      512
 91
        0
  1

274
    -2
284
     1
 64
     0
275
    -2
285
     1
 65
     0
276
    -2
286
     1
 66
     0
277
    -2
287
     1
 67
     0
278
    -2
288
     1
 68
     0
279
    -2
289
     1
 69
     0
  7
Standard
140
0.18
170
     5
 62
     0
 63
     7
283
     0
 90
      512
 91
        0
  1

274
    -2
284
     1
 64
     0
275
    -2
285
     1
 65
     0
276
    -2
286
     1
 66
     0
277
    -2
287
     1
 67
     0
278
    -2
288
     1
 68
     0
279
    -2
289
     1
 69
     0
  0
VISUALSTYLE
  5
2F
102
{ACAD_REACTORS
330
29
102
}
330
29
100
AcDbVisualStyle
  2
2dWireframe
 70
     4
177
     3
291
     0
 70
    58
 90
        0
176
     1
 90
        2
176
     1
 90
        0
176
     1
 90
        0
176
     1
 40
0.6
176
     1
 40
30.0
176
     1
 62
     7
420
 16777215
176
     1
 90
        1
176
     1
 90
        4
176
     1
 62
     7
176
     1
 62
   257
176
     1
 90
        1
176
     1
 90
        1
176
     1
 40
1.0
176
     1
 90
        0
176
     1
 62
   257
176
     1
 40
1.0
176
     1
 90
        1
176
     1
 90
        6
176
     1
 90
        2
176
     1
 62
     7
176
     1
 90
        5
176
     1
 90
        0
176
     1
 90
        0
176
     1
290
     0
176
     1
 90
        1
176
     1
 40
0.0
176
     1
 90
        0
176
     1
290
     1
176
     1
290
     1
176
     1
290
     0
176
     1
290
     0
176
     1
290
     0
176
     1
290
     0
176
     1
290
     0
176
     1
290
     0
176
     1
290
     0
176
     1
 90
       50
176
     1
 40
0.0
176
     1
 40
1.0
176
     1
 90
        0
176
     1
 62
    18
420
        0
176
     1
 90
       50
176
     1
 90
        3
176
     1
 62
     5
420
      255
176
     1
290
     0
176
     1
 90
       50
176
     1
 90
       50
176
     1
 90
       50
176
     1
290
     0
176
     1
 90
       50
176
     1
 62
   256
176
     0
 40
1.0
176
     0
 90
        2
176
     1
  1
strokes_ogs.tif
176
     1
290
     0
176
     1
 40
1.0
176
     1
 40
1.0
176
     1
1001
ACAD
1000
AcDbSavedByObjectVersion
1070
     0
  0
VISUALSTYLE
  5
2E
102
{ACAD_REACTORS
330
29
102
}
330
29
100
AcDbVisualStyle
  2
Basic
 70
     7
177
     3
291
     1
 70
    58
 90
        1
176
     1
 90
        0
176
     1
 90
        1
176
     1
 90
        0
176
     1
 40
0.6
176
     1
 40
30.0
176
     1
 62
     7
420
 16777215
176
     1
 90
        0
176
     1
 90
        4
176
     1
 62
     7
176
     1
 62
   257
176
     1
 90
        1
176
     1
 90
        1
176
     1
 40
1.0
176
     1
 90
        8
176
     1
 62
     7
176
     1
 40
1.0
176
     1
 90
        1
176
     1
 90
        6
176
     1
 90
        2
176
     1
 62
     7
176
     1
 90
        5
176
     1
 90
        0
176
     1
 90
        0
176
     1
290
     0
176
     1
 90
        1
176
     1
 40
0.0
176
     1
 90
        0
176
     1
290
     0
176
     1
290
     1
176
     1
290
     1
176
     1
290
     0
176
     1
290
     0
176
     1
290
     0
176
     1
290
     0
176
     1
290
     0
176
     1
290
     0
176
     1
 90
       50
176
     1
 40
0.0
176
     1
 40
1.0
176
     1
 90
        0
176
     1
 62
    18
420
        0
176
     1
 90
       50
176
     1
 90
        3
176
     1
 62
     5
420
      255
176
     1
290
     0
176
     1
 90
       50
176
     1
 90
       50
176
     1
 90
       50
176
     1
290
     0
176
     1
 90
       50
176
     1
 62
   256
176
     0
 40
1.0
176
     0
 90
        2
176
     1
  1
strokes_ogs.tif
176
     1
290
     0
176
     1
 40
1.0
176
     1
 40
1.0
176
     1
1001
ACAD
1000
AcDbSavedByObjectVersion
1070
     0
  0
VISUALSTYLE
  5
35
102
{ACAD_REACTORS
330
29
102
}
330
29
100
AcDbVisualStyle
  2
Brighten
 70
    12
177
     3
291
     1
 70
    58
 90
        2
176
     1
 90
        2
176
     1
 90
        0
176
     1
 90
        0
176
     1
 40
0.6
176
     1
 40
30.0
176
     1
 62
     7
420
 16777215
176
     1
 90
        1
176
     1
 90
        4
176
     1
 62
     7
176
     1
 62
   257
176
     1
 90
        1
176
     1
 90
        1
176
     1
 40
1.0
176
     1
 90
        8
176
     1
 62
     7
176
     1
 40
1.0
176
     1
 90
        1
176
     1
 90
        6
176
     1
 90
        2
176
     1
 62
     7
176
     1
 90
        5
176
     1
 90
        0
176
     1
 90
        0
176
     1
290
     0
176
     1
 90
        1
176
     1
 40
50.0
176
     1
 90
        0
176
     1
290
     0
176
     1
290
     1
176
     1
290
     1
176
     1
290
     0
176
     1
290
     0
176
     1
290
     0
176
     1
290
     0
176
     1
290
     0
176
     1
290
     0
176
     1
 90
       50
176
     1
 40
0.0
176
     1
 40
1.0
176
     1
 90
        0
176
     1
 62
    18
420
        0
176
     1
 90
       50
176
     1
 90
        3
176
     1
 62
     5
420
      255
176
     1
290
     0
176
     1
 90
       50
176
     1
 90
       50
176
     1
 90
       50
176
     1
290
     0
176
     1
 90
       50
176
     1
 62
   256
176
     0
 40
1.0
176
     0
 90
        2
176
     1
  1
strokes_ogs.tif
176
     1
290
     0
176
     1
 40
1.0
176
     1
 40
1.0
176
     1
1001
ACAD
1000
AcDbSavedByObjectVersion
1070
     0
  0
VISUALSTYLE
  5
39
102
{ACAD_REACTORS
330
29
102
}
330
29
100
AcDbVisualStyle
  2
ColorChange
 70
    16
177
     3
291
     1
 70
    58
 90
        2
176
     1
 90
        2
176
     1
 90
        3
176
     1
 90
        0
176
     1
 40
0.6
176
     1
 40
30.0
176
     1
 62
     8
420
  8421504
176
     1
 90
        1
176
     1
 90
        4
176
     1
 62
     7
176
     1
 62
   257
176
     1
 90
        1
176
     1
 90
        1
176
     1
 40
1.0
176
     1
 90
        8
176
     1
 62
     8
420
  8421504
176
     1
 40
1.0
176
     1
 90
        1
176
     1
 90
        6
176
     1
 90
        2
176
     1
 62
     7
176
     1
 90
        5
176
     1
 90
        0
176
     1
 90
        0
176
     1
290
     0
176
     1
 90
        1
176
     1
 40
0.0
176
     1
 90
        0
176
     1
290
     0
176
     1
290
     1
176
     1
290
     1
176
     1
290
     0
176
     1
290
     0
176
     1
290
     0
176
     1
290
     0
176
     1
290
     0
176
     1
290
     0
176
     1
 90
       50
176
     1
 40
0.0
176
     1
 40
1.0
176
     1
 90
        0
176
     1
 62
    18
420
        0
176
     1
 90
       50
176
     1
 90
        3
176
     1
 62
     5
420
      255
176
     1
290
     0
176
     1
 90
       50
176
     1
 90
       50
176
     1
 90
       50
176
     1
290
     0
176
     1
 90
       50
176
     1
 62
   256
176
     0
 40
1.0
176
     0
 90
        2
176
     1
  1
strokes_ogs.tif
176
     1
290
     0
176
     1
 40
1.0
176
     1
 40
1.0
176
     1
1001
ACAD
1000
AcDbSavedByObjectVersion
1070
     0
  0
VISUALSTYLE
  5
32
102
{ACAD_REACTORS
330
29
102
}
330
29
100
AcDbVisualStyle
  2
Conceptual
 70
     9
177
     3
291
     0
 70
    58
 90
        3
176
     1
 90
        2
176
     1
 90
        0
176
     1
 90
        0
176
     1
 40
0.6
176
     1
 40
30.0
176
     1
 62
     7
420
 16777215
176
     1
 90
        2
176
     1
 90
        2
176
     1
 62
     7
176
     1
 62
   257
176
     1
 90
        1
176
     1
 90
        1
176
     1
 40
179.0
176
     1
 90
        8
176
     1
 62
     7
176
     1
 40
1.0
176
     1
 90
        1
176
     1
 90
        6
176
     1
 90
        2
176
     1
 62
     7
176
     1
 90
        3
176
     1
 90
        0
176
     1
 90
        0
176
     1
290
     0
176
     1
 90
        1
176
     1
 40
0.0
176
     1
 90
        0
176
     1
290
     0
176
     1
290
     1
176
     1
290
     1
176
     1
290
     0
176
     1
290
     0
176
     1
290
     0
176
     1
290
     0
176
     1
290
     0
176
     1
290
     0
176
     1
 90
       50
176
     1
 40
0.0
176
     1
 40
1.0
176
     1
 90
        0
176
     1
 62
    18
420
        0
176
     1
 90
       50
176
     1
 90
        3
176
     1
 62
     5
420
      255
176
     1
290
     0
176
     1
 90
       50
176
     1
 90
       50
176
     1
 90
       50
176
     1
290
     0
176
     1
 90
       50
176
     1
 62
   256
176
     0
 40
1.0
176
     0
 90
        2
176
     1
  1
strokes_ogs.tif
176
     1
290
     0
176
     1
 40
1.0
176
     1
 40
1.0
176
     1
1001
ACAD
1000
AcDbSavedByObjectVersion
1070
     0
  0
VISUALSTYLE
  5
34
102
{ACAD_REACTORS
330
29
102
}
330
29
100
AcDbVisualStyle
  2
Dim
 70
    11
177
     3
291
     1
 70
    58
 90
        2
176
     1
 90
        2
176
     1
 90
        0
176
     1
 90
        0
176
     1
 40
0.6
176
     1
 40
30.0
176
     1
 62
     7
420
 16777215
176
     1
 90
        1
176
     1
 90
        4
176
     1
 62
     7
176
     1
 62
   257
176
     1
 90
        1
176
     1
 90
        1
176
     1
 40
1.0
176
     1
 90
        8
176
     1
 62
     7
176
     1
 40
1.0
176
     1
 90
        1
176
     1
 90
        6
176
     1
 90
        2
176
     1
 62
     7
176
     1
 90
        5
176
     1
 90
        0
176
     1
 90
        0
176
     1
290
     0
176
     1
 90
        1
176
     1
 40
-50.0
176
     1
 90
        0
176
     1
290
     0
176
     1
290
     1
176
     1
290
     1
176
     1
290
     0
176
     1
290
     0
176
     1
290
     0
176
     1
290
     0
176
     1
290
     0
176
     1
290
     0
176
     1
 90
       50
176
     1
 40
0.0
176
     1
 40
1.0
176
     1
 90
        0
176
     1
 62
    18
420
        0
176
     1
 90
       50
176
     1
 90
        3
176
     1
 62
     5
420
      255
176
     1
290
     0
176
     1
 90
       50
176
     1
 90
       50
176
     1
 90
       50
176
     1
290
     0
176
     1
 90
       50
176
     1
 62
   256
176
     0
 40
1.0
176
     0
 90
        2
176
     1
  1
strokes_ogs.tif
176
     1
290
     0
176
     1
 40
1.0
176
     1
 40
1.0
176
     1
1001
ACAD
1000
AcDbSavedByObjectVersion
1070
     0
  0
VISUALSTYLE
  5
41
102
{ACAD_REACTORS
330
29
102
}
330
29
100
AcDbVisualStyle
  2
EdgeColorOff
 70
    22
177
     3
291
     1
 70
    58
 90
        2
176
     0
 90
        2
176
     0
 90
        0
176
     0
 90
        0
176
     0
 40
0.6
176
     0
 40
30.0
176
     0
 62
     7
420
 16777215
176
     0
 90
        1
176
     0
 90
        4
176
     0
 62
     7
176
     0
 62
   257
176
     0
 90
        1
176
     0
 90
        1
176
     0
 40
1.0
176
     0
 90
        8
176
     2
 62
     7
176
     0
 40
1.0
176
     0
 90
        1
176
     0
 90
        6
176
     0
 90
        2
176
     0
 62
     7
176
     0
 90
        5
176
     0
 90
        0
176
     0
 90
        0
176
     0
290
     0
176
     0
 90
        1
176
     0
 40
0.0
176
     0
 90
        0
176
     0
290
     0
176
     0
290
     1
176
     0
290
     1
176
     0
290
     0
176
     0
290
     0
176
     0
290
     0
176
     0
290
     0
176
     0
290
     0
176
     0
290
     0
176
     0
 90
       50
176
     0
 40
0.0
176
     0
 40
1.0
176
     0
 90
        0
176
     0
 62
    18
420
        0
176
     0
 90
       50
176
     0
 90
        3
176
     0
 62
     5
420
      255
176
     0
290
     0
176
     0
 90
       50
176
     0
 90
       50
176
     0
 90
       50
176
     0
290
     0
176
     0
 90
       50
176
     0
 62
   256
176
     0
 40
1.0
176
     0
 90
        2
176
     0
  1
strokes_ogs.tif
176
     0
290
     0
176
     0
 40
1.0
176
     0
 40
1.0
176
     0
1001
ACAD
1000
AcDbSavedByObjectVersion
1070
     0
  0
VISUALSTYLE
  5
38
102
{ACAD_REACTORS
330
29
102
}
330
29
100
AcDbVisualStyle
  2
Facepattern
 70
    15
177
     3
291
     1
 70
    58
 90
        2
176
     1
 90
        2
176
     1
 90
        0
176
     1
 90
        0
176
     1
 40
0.6
176
     1
 40
30.0
176
     1
 62
     7
420
 16777215
176
     1
 90
        1
176
     1
 90
        4
176
     1
 62
     7
176
     1
 62
   257
176
     1
 90
        1
176
     1
 90
        1
176
     1
 40
1.0
176
     1
 90
        8
176
     1
 62
     7
176
     1
 40
1.0
176
     1
 90
        1
176
     1
 90
        6
176
     1
 90
        2
176
     1
 62
     7
176
     1
 90
        5
176
     1
 90
        0
176
     1
 90
        0
176
     1
290
     0
176
     1
 90
        1
176
     1
 40
0.0
176
     1
 90
        0
176
     1
290
     0
176
     1
290
     1
176
     1
290
     1
176
     1
290
     0
176
     1
290
     0
176
     1
290
     0
176
     1
290
     0
176
     1
290
     0
176
     1
290
     0
176
     1
 90
       50
176
     1
 40
0.0
176
     1
 40
1.0
176
     1
 90
        0
176
     1
 62
    18
420
        0
176
     1
 90
       50
176
     1
 90
        3
176
     1
 62
     5
420
      255
176
     1
290
     0
176
     1
 90
       50
176
     1
 90
       50
176
     1
 90
       50
176
     1
290
     0
176
     1
 90
       50
176
     1
 62
   256
176
     0
 40
1.0
176
     0
 90
        2
176
     1
  1
strokes_ogs.tif
176
     1
290
     0
176
     1
 40
1.0
176
     1
 40
1.0
176
     1
1001
ACAD
1000
AcDbSavedByObjectVersion
1070
     0
  0
VISUALSTYLE
  5
2A
102
{ACAD_REACTORS
330
29
102
}
330
29
100
AcDbVisualStyle
  2
Flat
 70
     0
177
     3
291
     1
 70
    58
 90
        2
176
     1
 90
        1
176
     1
 90
        1
176
     1
 90
        2
176
     1
 40
0.6
176
     1
 40
30.0
176
     1
 62
     7
420
 16777215
176
     1
 90
        0
176
     1
 90
        0
176
     1
 62
     7
176
     1
 62
   257
176
     1
 90
        1
176
     1
 90
        1
176
     1
 40
1.0
176
     1
 90
        8
176
     1
 62
     7
176
     1
 40
1.0
176
     1
 90
        1
176
     1
 90
        6
176
     1
 90
        2
176
     1
 62
     7
176
     1
 90
        5
176
     1
 90
        0
176
     1
 90
        0
176
     1
290
     0
176
     1
 90
       13
176
     1
 40
0.0
176
     1
 90
        0
176
     1
290
     0
176
     1
290
     1
176
     1
290
     1
176
     1
290
     0
176
     1
290
     0
176
     1
290
     0
176
     1
290
     0
176
     1
290
     0
176
     1
290
     0
176
     1
 90
       50
176
     1
 40
0.0
176
     1
 40
1.0
176
     1
 90
        0
176
     1
 62
    18
420
        0
176
     1
 90
       50
176
     1
 90
        3
176
     1
 62
     5
420
      255
176
     1
290
     0
176
     1
 90
       50
176
     1
 90
       50
176
     1
 90
       50
176
     1
290
     0
176
     1
 90
       50
176
     1
 62
   256
176
     0
 40
1.0
176
     0
 90
        2
176
     1
  1
strokes_ogs.tif
176
     1
290
     0
176
     1
 40
1.0
176
     1
 40
1.0
176
     1
1001
ACAD
1000
AcDbSavedByObjectVersion
1070
     0
  0
VISUALSTYLE
  5
2B
102
{ACAD_REACTORS
330
29
102
}
330
29
100
AcDbVisualStyle
  2
FlatWithEdges
 70
     1
177
     3
291
     1
 70
    58
 90
        2
176
     1
 90
        1
176
     1
 90
        1
176
     1
 90
        2
176
     1
 40
0.6
176
     1
 40
30.0
176
     1
 62
     7
420
 16777215
176
     1
 90
        1
176
     1
 90
        0
176
     1
 62
     7
176
     1
 62
   257
176
     1
 90
        1
176
     1
 90
        1
176
     1
 40
1.0
176
     1
 90
        0
176
     1
 62
   257
176
     1
 40
1.0
176
     1
 90
        1
176
     1
 90
        6
176
     1
 90
        2
176
     1
 62
     7
176
     1
 90
        5
176
     1
 90
        0
176
     1
 90
        0
176
     1
290
     0
176
     1
 90
       13
176
     1
 40
0.0
176
     1
 90
        0
176
     1
290
     0
176
     1
290
     1
176
     1
290
     1
176
     1
290
     0
176
     1
290
     0
176
     1
290
     0
176
     1
290
     0
176
     1
290
     0
176
     1
290
     0
176
     1
 90
       50
176
     1
 40
0.0
176
     1
 40
1.0
176
     1
 90
        0
176
     1
 62
    18
420
        0
176
     1
 90
       50
176
     1
 90
        3
176
     1
 62
     5
420
      255
176
     1
290
     0
176
     1
 90
       50
176
     1
 90
       50
176
     1
 90
       50
176
     1
290
     0
176
     1
 90
       50
176
     1
 62
   256
176
     0
 40
1.0
176
     0
 90
        2
176
     1
  1
strokes_ogs.tif
176
     1
290
     0
176
     1
 40
1.0
176
     1
 40
1.0
176
     1
1001
ACAD
1000
AcDbSavedByObjectVersion
1070
     0
  0
VISUALSTYLE
  5
2C
102
{ACAD_REACTORS
330
29
102
}
330
29
100
AcDbVisualStyle
  2
Gouraud
 70
     2
177
     3
291
     1
 70
    58
 90
        2
176
     1
 90
        2
176
     1
 90
        1
176
     1
 90
        2
176
     1
 40
0.6
176
     1
 40
30.0
176
     1
 62
     7
420
 16777215
176
     1
 90
        0
176
     1
 90
        0
176
     1
 62
     7
176
     1
 62
   257
176
     1
 90
        1
176
     1
 90
        1
176
     1
 40
1.0
176
     1
 90
        0
176
     1
 62
     7
176
     1
 40
1.0
176
     1
 90
        1
176
     1
 90
        6
176
     1
 90
        2
176
     1
 62
     7
176
     1
 90
        5
176
     1
 90
        0
176
     1
 90
        0
176
     1
290
     0
176
     1
 90
       13
176
     1
 40
0.0
176
     1
 90
        0
176
     1
290
     0
176
     1
290
     1
176
     1
290
     1
176
     1
290
     0
176
     1
290
     0
176
     1
290
     0
176
     1
290
     0
176
     1
290
     0
176
     1
290
     0
176
     1
 90
       50
176
     1
 40
0.0
176
     1
 40
1.0
176
     1
 90
        0
176
     1
 62
    18
420
        0
176
     1
 90
       50
176
     1
 90
        3
176
     1
 62
     5
420
      255
176
     1
290
     0
176
     1
 90
       50
176
     1
 90
       50
176
     1
 90
       50
176
     1
290
     0
176
     1
 90
       50
176
     1
 62
   256
176
     0
 40
1.0
176
     0
 90
        2
176
     1
  1
strokes_ogs.tif
176
     1
290
     0
176
     1
 40
1.0
176
     1
 40
1.0
176
     1
1001
ACAD
1000
AcDbSavedByObjectVersion
1070
     0
  0
VISUALSTYLE
  5
2D
102
{ACAD_REACTORS
330
29
102
}
330
29
100
AcDbVisualStyle
  2
GouraudWithEdges
 70
     3
177
     3
291
     1
 70
    58
 90
        2
176
     1
 90
        2
176
     1
 90
        1
176
     1
 90
        2
176
     1
 40
0.6
176
     1
 40
30.0
176
     1
 62
     7
420
 16777215
176
     1
 90
        1
176
     1
 90
        0
176
     1
 62
     7
176
     1
 62
   257
176
     1
 90
        1
176
     1
 90
        1
176
     1
 40
1.0
176
     1
 90
        0
176
     1
 62
   257
176
     1
 40
1.0
176
     1
 90
        1
176
     1
 90
        6
176
     1
 90
        2
176
     1
 62
     7
176
     1
 90
        5
176
     1
 90
        0
176
     1
 90
        0
176
     1
290
     0
176
     1
 90
       13
176
     1
 40
0.0
176
     1
 90
        0
176
     1
290
     0
176
     1
290
     1
176
     1
290
     1
176
     1
290
     0
176
     1
290
     0
176
     1
290
     0
176
     1
290
     0
176
     1
290
     0
176
     1
290
     0
176
     1
 90
       50
176
     1
 40
0.0
176
     1
 40
1.0
176
     1
 90
        0
176
     1
 62
    18
420
        0
176
     1
 90
       50
176
     1
 90
        3
176
     1
 62
     5
420
      255
176
     1
290
     0
176
     1
 90
       50
176
     1
 90
       50
176
     1
 90
       50
176
     1
290
     0
176
     1
 90
       50
176
     1
 62
   256
176
     0
 40
1.0
176
     0
 90
        2
176
     1
  1
strokes_ogs.tif
176
     1
290
     0
176
     1
 40
1.0
176
     1
 40
1.0
176
     1
1001
ACAD
1000
AcDbSavedByObjectVersion
1070
     0
  0
VISUALSTYLE
  5
31
102
{ACAD_REACTORS
330
29
102
}
330
29
100
AcDbVisualStyle
  2
Hidden
 70
     6
177
     3
291
     0
 70
    58
 90
        1
176
     1
 90
        2
176
     1
 90
        2
176
     1
 90
        0
176
     1
 40
0.6
176
     1
 40
30.0
176
     1
 62
     7
420
 16777215
176
     1
 90
        2
176
     1
 90
        2
176
     1
 62
     7
176
     1
 62
   257
176
     1
 90
        2
176
     1
 90
        1
176
     1
 40
40.0
176
     1
 90
        0
176
     1
 62
   257
176
     1
 40
1.0
176
     1
 90
        1
176
     1
 90
        6
176
     1
 90
        2
176
     1
 62
     7
176
     1
 90
        3
176
     1
 90
        0
176
     1
 90
        0
176
     1
290
     0
176
     1
 90
        1
176
     1
 40
0.0
176
     1
 90
        0
176
     1
290
     0
176
     1
290
     1
176
     1
290
     1
176
     1
290
     0
176
     1
290
     0
176
     1
290
     0
176
     1
290
     0
176
     1
290
     0
176
     1
290
     0
176
     1
 90
       50
176
     1
 40
0.0
176
     1
 40
1.0
176
     1
 90
        0
176
     1
 62
    18
420
        0
176
     1
 90
       50
176
     1
 90
        3
176
     1
 62
     5
420
      255
176
     1
290
     0
176
     1
 90
       50
176
     1
 90
       50
176
     1
 90
       50
176
     1
290
     0
176
     1
 90
       50
176
     1
 62
   256
176
     0
 40
1.0
176
     0
 90
        2
176
     1
  1
strokes_ogs.tif
176
     1
290
     0
176
     1
 40
1.0
176
     1
 40
1.0
176
     1
1001
ACAD
1000
AcDbSavedByObjectVersion
1070
     0
  0
VISUALSTYLE
  5
3F
102
{ACAD_REACTORS
330
29
102
}
330
29
100
AcDbVisualStyle
  2
JitterOff
 70
    20
177
     3
291
     1
 70
    58
 90
        2
176
     0
 90
        2
176
     0
 90
        0
176
     0
 90
        0
176
     0
 40
0.6
176
     0
 40
30.0
176
     0
 62
     7
420
 16777215
176
     0
 90
        1
176
     0
 90
        4
176
     0
 62
     7
176
     0
 62
   257
176
     0
 90
        1
176
     0
 90
        1
176
     0
 40
1.0
176
     0
 90
       10
176
     2
 62
     7
176
     0
 40
1.0
176
     0
 90
        1
176
     0
 90
        6
176
     0
 90
        2
176
     0
 62
     7
176
     0
 90
        5
176
     0
 90
        0
176
     0
 90
        0
176
     0
290
     0
176
     0
 90
        1
176
     0
 40
0.0
176
     0
 90
        0
176
     0
290
     0
176
     0
290
     1
176
     0
290
     1
176
     0
290
     0
176
     0
290
     0
176
     0
290
     0
176
     0
290
     0
176
     0
290
     0
176
     0
290
     0
176
     0
 90
       50
176
     0
 40
0.0
176
     0
 40
1.0
176
     0
 90
        0
176
     0
 62
    18
420
        0
176
     0
 90
       50
176
     0
 90
        3
176
     0
 62
     5
420
      255
176
     0
290
     0
176
     0
 90
       50
176
     0
 90
       50
176
     0
 90
       50
176
     0
290
     0
176
     0
 90
       50
176
     0
 62
   256
176
     0
 40
1.0
176
     0
 90
        2
176
     0
  1
strokes_ogs.tif
176
     0
290
     0
176
     0
 40
1.0
176
     0
 40
1.0
176
     0
1001
ACAD
1000
AcDbSavedByObjectVersion
1070
     0
  0
VISUALSTYLE
  5
37
102
{ACAD_REACTORS
330
29
102
}
330
29
100
AcDbVisualStyle
  2
Linepattern
 70
    14
177
     3
291
     1
 70
    58
 90
        2
176
     1
 90
        2
176
     1
 90
        0
176
     1
 90
        0
176
     1
 40
0.6
176
     1
 40
30.0
176
     1
 62
     7
420
 16777215
176
     1
 90
        1
176
     1
 90
        4
176
     1
 62
     7
176
     1
 62
   257
176
     1
 90
        7
176
     1
 90
        7
176
     1
 40
1.0
176
     1
 90
        8
176
     1
 62
     7
176
     1
 40
1.0
176
     1
 90
        1
176
     1
 90
        6
176
     1
 90
        2
176
     1
 62
     7
176
     1
 90
        5
176
     1
 90
        0
176
     1
 90
        0
176
     1
290
     0
176
     1
 90
        1
176
     1
 40
0.0
176
     1
 90
        0
176
     1
290
     0
176
     1
290
     1
176
     1
290
     1
176
     1
290
     0
176
     1
290
     0
176
     1
290
     0
176
     1
290
     0
176
     1
290
     0
176
     1
290
     0
176
     1
 90
       50
176
     1
 40
0.0
176
     1
 40
1.0
176
     1
 90
        0
176
     1
 62
    18
420
        0
176
     1
 90
       50
176
     1
 90
        3
176
     1
 62
     5
420
      255
176
     1
290
     0
176
     1
 90
       50
176
     1
 90
       50
176
     1
 90
       50
176
     1
290
     0
176
     1
 90
       50
176
     1
 62
   256
176
     0
 40
1.0
176
     0
 90
        2
176
     1
  1
strokes_ogs.tif
176
     1
290
     0
176
     1
 40
1.0
176
     1
 40
1.0
176
     1
1001
ACAD
1000
AcDbSavedByObjectVersion
1070
     0
  0
VISUALSTYLE
  5
40
102
{ACAD_REACTORS
330
29
102
}
330
29
100
AcDbVisualStyle
  2
OverhangOff
 70
    21
177
     3
291
     1
 70
    58
 90
        2
176
     0
 90
        2
176
     0
 90
        0
176
     0
 90
        0
176
     0
 40
0.6
176
     0
 40
30.0
176
     0
 62
     7
420
 16777215
176
     0
 90
        1
176
     0
 90
        4
176
     0
 62
     7
176
     0
 62
   257
176
     0
 90
        1
176
     0
 90
        1
176
     0
 40
1.0
176
     0
 90
        9
176
     2
 62
     7
176
     0
 40
1.0
176
     0
 90
        1
176
     0
 90
        6
176
     0
 90
        2
176
     0
 62
     7
176
     0
 90
        5
176
     0
 90
        0
176
     0
 90
        0
176
     0
290
     0
176
     0
 90
        1
176
     0
 40
0.0
176
     0
 90
        0
176
     0
290
     0
176
     0
290
     1
176
     0
290
     1
176
     0
290
     0
176
     0
290
     0
176
     0
290
     0
176
     0
290
     0
176
     0
290
     0
176
     0
290
     0
176
     0
 90
       50
176
     0
 40
0.0
176
     0
 40
1.0
176
     0
 90
        0
176
     0
 62
    18
420
        0
176
     0
 90
       50
176
     0
 90
        3
176
     0
 62
     5
420
      255
176
     0
290
     0
176
     0
 90
       50
176
     0
 90
       50
176
     0
 90
       50
176
     0
290
     0
176
     0
 90
       50
176
     0
 62
   256
176
     0
 40
1.0
176
     0
 90
        2
176
     0
  1
strokes_ogs.tif
176
     0
290
     0
176
     0
 40
1.0
176
     0
 40
1.0
176
     0
1001
ACAD
1000
AcDbSavedByObjectVersion
1070
     0
  0
VISUALSTYLE
  5
33
102
{ACAD_REACTORS
330
29
102
}
330
29
100
AcDbVisualStyle
  2
Realistic
 70
     8
177
     3
291
     0
 70
    58
 90
        2
176
     1
 90
        3
176
     1
 90
        0
176
     1
 90
        2
176
     1
 40
0.6
176
     1
 40
30.0
176
     1
 62
     7
420
 16777215
176
     1
 90
        0
176
     1
 90
        0
176
     1
 62
     7
176
     1
 62
   257
176
     1
 90
        1
176
     1
 90
        1
176
     1
 40
1.0
176
     1
 90
        8
176
     1
 62
   257
176
     1
 40
1.0
176
     1
 90
        1
176
     1
 90
        6
176
     1
 90
        2
176
     1
 62
     7
176
     1
 90
        3
176
     1
 90
        0
176
     1
 90
        0
176
     1
290
     0
176
     1
 90
       13
176
     1
 40
0.0
176
     1
 90
        0
176
     1
290
     0
176
     1
290
     1
176
     1
290
     1
176
     1
290
     0
176
     1
290
     0
176
     1
290
     0
176
     1
290
     0
176
     1
290
     0
176
     1
290
     0
176
     1
 90
       50
176
     1
 40
0.0
176
     1
 40
1.0
176
     1
 90
        0
176
     1
 62
    18
420
        0
176
     1
 90
       50
176
     1
 90
        3
176
     1
 62
     5
420
      255
176
     1
290
     0
176
     1
 90
       50
176
     1
 90
       50
176
     1
 90
       50
176
     1
290
     0
176
     1
 90
       50
176
     1
 62
   256
176
     0
 40
1.0
176
     0
 90
        2
176
     1
  1
strokes_ogs.tif
176
     1
290
     0
176
     1
 40
1.0
176
     1
 40
1.0
176
     1
1001
ACAD
1000
AcDbSavedByObjectVersion
1070
     0
  0
VISUALSTYLE
  5
3E
102
{ACAD_REACTORS
330
29
102
}
330
29
100
AcDbVisualStyle
  2
Shaded
 70
    27
177
     3
291
     0
 70
    58
 90
        2
176
     1
 90
        2
176
     1
 90
        1
176
     1
 90
        2
176
     1
 40
0.6
176
     1
 40
30.0
176
     1
 62
     7
420
 16777215
176
     1
 90
        0
176
     1
 90
        4
176
     1
 62
     7
176
     1
 62
   257
176
     1
 90
        1
176
     1
 90
        1
176
     1
 40
1.0
176
     1
 90
        8
176
     1
 62
   257
176
     1
 40
1.0
176
     1
 90
        1
176
     1
 90
        6
176
     1
 90
        2
176
     1
 62
     8
420
  7895160
176
     1
 90
        3
176
     1
 90
        0
176
     1
 90
        0
176
     1
290
     0
176
     1
 90
        5
176
     1
 40
0.0
176
     1
 90
        0
176
     1
290
     0
176
     1
290
     1
176
     1
290
     1
176
     1
290
     0
176
     1
290
     0
176
     1
290
     0
176
     1
290
     0
176
     1
290
     0
176
     1
290
     0
176
     1
 90
       50
176
     1
 40
0.0
176
     1
 40
1.0
176
     1
 90
        0
176
     1
 62
    18
420
        0
176
     1
 90
       50
176
     1
 90
        3
176
     1
 62
     5
420
      255
176
     1
290
     0
176
     1
 90
       50
176
     1
 90
       50
176
     1
 90
       50
176
     1
290
     0
176
     1
 90
       50
176
     1
 62
   256
176
     0
 40
1.0
176
     0
 90
        2
176
     1
  1
strokes_ogs.tif
176
     1
290
     0
176
     1
 40
1.0
176
     1
 40
1.0
176
     1
1001
ACAD
1000
AcDbSavedByObjectVersion
1070
     0
  0
VISUALSTYLE
  5
3D
102
{ACAD_REACTORS
330
29
102
}
330
29
100
AcDbVisualStyle
  2
Shaded with edges
 70
    26
177
     3
291
     0
 70
    58
 90
        2
176
     1
 90
        2
176
     1
 90
        1
176
     1
 90
        2
176
     1
 40
0.6
176
     1
 40
30.0
176
     1
 62
     7
420
 16777215
176
     1
 90
        1
176
     1
 90
        2
176
     1
 62
     7
176
     1
 62
   257
176
     1
 90
        2
176
     1
 90
        1
176
     1
 40
1.0
176
     1
 90
        8
176
     1
 62
   257
176
     1
 40
1.0
176
     1
 90
        1
176
     1
 90
        6
176
     1
 90
        2
176
     1
 62
     7
176
     1
 90
        3
176
     1
 90
        0
176
     1
 90
        0
176
     1
290
     0
176
     1
 90
        5
176
     1
 40
0.0
176
     1
 90
        0
176
     1
290
     0
176
     1
290
     1
176
     1
290
     1
176
     1
290
     0
176
     1
290
     0
176
     1
290
     0
176
     1
290
     0
176
     1
290
     0
176
     1
290
     0
176
     1
 90
       50
176
     1
 40
0.0
176
     1
 40
1.0
176
     1
 90
        0
176
     1
 62
    18
420
        0
176
     1
 90
       50
176
     1
 90
        3
176
     1
 62
     5
420
      255
176
     1
290
     0
176
     1
 90
       50
176
     1
 90
       50
176
     1
 90
       50
176
     1
290
     0
176
     1
 90
       50
176
     1
 62
   256
176
     0
 40
1.0
176
     0
 90
        2
176
     1
  1
strokes_ogs.tif
176
     1
290
     0
176
     1
 40
1.0
176
     1
 40
1.0
176
     1
1001
ACAD
1000
AcDbSavedByObjectVersion
1070
     0
  0
VISUALSTYLE
  5
3A
102
{ACAD_REACTORS
330
29
102
}
330
29
100
AcDbVisualStyle
  2
Shades of Gray
 70
    23
177
     3
291
     0
 70
    58
 90
        2
176
     1
 90
        2
176
     1
 90
        3
176
     1
 90
        0
176
     1
 40
0.6
176
     1
 40
30.0
176
     1
 62
     7
420
 16777215
176
     1
 90
        2
176
     1
 90
        2
176
     1
 62
     7
176
     1
 62
     7
176
     1
 90
        1
176
     1
 90
        1
176
     1
 40
40.0
176
     1
 90
        8
176
     1
 62
     7
176
     1
 40
1.0
176
     1
 90
        1
176
     1
 90
        6
176
     1
 90
        2
176
     1
 62
     7
176
     1
 90
        3
176
     1
 90
        0
176
     1
 90
        0
176
     1
290
     0
176
     1
 90
        1
176
     1
 40
0.0
176
     1
 90
        0
176
     1
290
     0
176
     1
290
     1
176
     1
290
     1
176
     1
290
     0
176
     1
290
     0
176
     1
290
     0
176
     1
290
     0
176
     1
290
     0
176
     1
290
     0
176
     1
 90
       50
176
     1
 40
0.0
176
     1
 40
1.0
176
     1
 90
        0
176
     1
 62
    18
420
        0
176
     1
 90
       50
176
     1
 90
        3
176
     1
 62
     5
420
      255
176
     1
290
     0
176
     1
 90
       50
176
     1
 90
       50
176
     1
 90
       50
176
     1
290
     0
176
     1
 90
       50
176
     1
 62
   256
176
     0
 40
1.0
176
     0
 90
        2
176
     1
  1
strokes_ogs.tif
176
     1
290
     0
176
     1
 40
1.0
176
     1
 40
1.0
176
     1
1001
ACAD
1000
AcDbSavedByObjectVersion
1070
     0
  0
VISUALSTYLE
  5
3B
102
{ACAD_REACTORS
330
29
102
}
330
29
100
AcDbVisualStyle
  2
Sketchy
 70
    24
177
     3
291
     0
 70
    58
 90
        1
176
     1
 90
        2
176
     1
 90
        2
176
     1
 90
        0
176
     1
 40
0.6
176
     1
 40
30.0
176
     1
 62
     7
420
 16777215
176
     1
 90
        2
176
     1
 90
        2
176
     1
 62
     7
176
     1
 62
     7
176
     1
 90
        1
176
     1
 90
        1
176
     1
 40
40.0
176
     1
 90
       11
176
     1
 62
     7
176
     1
 40
1.0
176
     1
 90
        1
176
     1
 90
        6
176
     1
 90
        2
176
     1
 62
     7
176
     1
 90
        6
176
     1
 90
        0
176
     1
 90
        0
176
     1
290
     0
176
     1
 90
        1
176
     1
 40
0.0
176
     1
 90
        0
176
     1
290
     0
176
     1
290
     1
176
     1
290
     1
176
     1
290
     0
176
     1
290
     0
176
     1
290
     0
176
     1
290
     0
176
     1
290
     0
176
     1
290
     0
176
     1
 90
       50
176
     1
 40
0.0
176
     1
 40
1.0
176
     1
 90
        0
176
     1
 62
    18
420
        0
176
     1
 90
       50
176
     1
 90
        3
176
     1
 62
     5
420
      255
176
     1
290
     0
176
     1
 90
       50
176
     1
 90
       50
176
     1
 90
       50
176
     1
290
     0
176
     1
 90
       50
176
     1
 62
   256
176
     0
 40
1.0
176
     0
 90
        2
176
     1
  1
strokes_ogs.tif
176
     1
290
     0
176
     1
 40
1.0
176
     1
 40
1.0
176
     1
1001
ACAD
1000
AcDbSavedByObjectVersion
1070
     0
  0
VISUALSTYLE
  5
36
102
{ACAD_REACTORS
330
29
102
}
330
29
100
AcDbVisualStyle
  2
Thicken
 70
    13
177
     3
291
     1
 70
    58
 90
        2
176
     1
 90
        2
176
     1
 90
        0
176
     1
 90
        0
176
     1
 40
0.6
176
     1
 40
30.0
176
     1
 62
     7
420
 16777215
176
     1
 90
        1
176
     1
 90
        4
176
     1
 62
     7
176
     1
 62
   257
176
     1
 90
        1
176
     1
 90
        1
176
     1
 40
1.0
176
     1
 90
       12
176
     1
 62
     7
176
     1
 40
1.0
176
     1
 90
        1
176
     1
 90
        6
176
     1
 90
        2
176
     1
 62
     7
176
     1
 90
        5
176
     1
 90
        0
176
     1
 90
        0
176
     1
290
     0
176
     1
 90
        1
176
     1
 40
0.0
176
     1
 90
        0
176
     1
290
     0
176
     1
290
     1
176
     1
290
     1
176
     1
290
     0
176
     1
290
     0
176
     1
290
     0
176
     1
290
     0
176
     1
290
     0
176
     1
290
     0
176
     1
 90
       50
176
     1
 40
0.0
176
     1
 40
1.0
176
     1
 90
        0
176
     1
 62
    18
420
        0
176
     1
 90
       50
176
     1
 90
        3
176
     1
 62
     5
420
      255
176
     1
290
     0
176
     1
 90
       50
176
     1
 90
       50
176
     1
 90
       50
176
     1
290
     0
176
     1
 90
       50
176
     1
 62
   256
176
     0
 40
1.0
176
     0
 90
        2
176
     1
  1
strokes_ogs.tif
176
     1
290
     0
176
     1
 40
1.0
176
     1
 40
1.0
176
     1
1001
ACAD
1000
AcDbSavedByObjectVersion
1070
     0
  0
VISUALSTYLE
  5
30
102
{ACAD_REACTORS
330
29
102
}
330
29
100
AcDbVisualStyle
  2
Wireframe
 70
     5
177
     3
291
     0
 70
    58
 90
        0
176
     1
 90
        2
176
     1
 90
        0
176
     1
 90
        0
176
     1
 40
0.6
176
     1
 40
30.0
176
     1
 62
     7
420
 16777215
176
     1
 90
        1
176
     1
 90
        4
176
     1
 62
     7
176
     1
 62
   257
176
     1
 90
        1
176
     1
 90
        1
176
     1
 40
1.0
176
     1
 90
        0
176
     1
 62
   257
176
     1
 40
1.0
176
     1
 90
        1
176
     1
 90
        6
176
     1
 90
        2
176
     1
 62
     7
176
     1
 90
        3
176
     1
 90
        0
176
     1
 90
        0
176
     1
290
     0
176
     1
 90
        1
176
     1
 40
0.0
176
     1
 90
        0
176
     1
290
     0
176
     1
290
     1
176
     1
290
     1
176
     1
290
     0
176
     1
290
     0
176
     1
290
     0
176
     1
290
     0
176
     1
290
     0
176
     1
290
     0
176
     1
 90
       50
176
     1
 40
0.0
176
     1
 40
1.0
176
     1
 90
        0
176
     1
 62
    18
420
        0
176
     1
 90
       50
176
     1
 90
        3
176
     1
 62
     5
420
      255
176
     1
290
     0
176
     1
 90
       50
176
     1
 90
       50
176
     1
 90
       50
176
     1
290
     0
176
     1
 90
       50
176
     1
 62
   256
176
     0
 40
1.0
176
     0
 90
        2
176
     1
  1
strokes_ogs.tif
176
     1
290
     0
176
     1
 40
1.0
176
     1
 40
1.0
176
     1
1001
ACAD
1000
AcDbSavedByObjectVersion
1070
     0
  0
VISUALSTYLE
  5
3C
102
{ACAD_REACTORS
330
29
102
}
330
29
100
AcDbVisualStyle
  2
X-Ray
 70
    25
177
     3
291
     0
 70
    58
 90
        2
176
     1
 90
        2
176
     1
 90
        1
176
     1
 90
        1
176
     1
 40
0.5
176
     1
 40
30.0
176
     1
 62
     7
420
 16777215
176
     1
 90
        1
176
     1
 90
        0
176
     1
 62
     7
176
     1
 62
   257
176
     1
 90
        1
176
     1
 90
        1
176
     1
 40
1.0
176
     1
 90
        8
176
     1
 62
     7
176
     1
 40
1.0
176
     1
 90
        1
176
     1
 90
        6
176
     1
 90
        2
176
     1
 62
     7
176
     1
 90
        3
176
     1
 90
        0
176
     1
 90
        0
176
     1
290
     0
176
     1
 90
       13
176
     1
 40
0.0
176
     1
 90
        0
176
     1
290
     0
176
     1
290
     1
176
     1
290
     1
176
     1
290
     0
176
     1
290
     0
176
     1
290
     0
176
     1
290
     0
176
     1
290
     0
176
     1
290
     0
176
     1
 90
       50
176
     1
 40
0.0
176
     1
 40
1.0
176
     1
 90
        0
176
     1
 62
    18
420
        0
176
     1
 90
       50
176
     1
 90
        3
176
     1
 62
     5
420
      255
176
     1
290
     0
176
     1
 90
       50
176
     1
 90
       50
176
     1
 90
       50
176
     1
290
     0
176
     1
 90
       50
176
     1
 62
   256
176
     0
 40
1.0
176
     0
 90
        2
176
     1
  1
strokes_ogs.tif
176
     1
290
     0
176
     1
 40
1.0
176
     1
 40
1.0
176
     1
1001
ACAD
1000
AcDbSavedByObjectVersion
1070
     0
  0
DICTIONARYVAR
  5
346
102
{ACAD_REACTORS
330
341
102
}
330
341
100
DictionaryVariables
280
     0
  1
1:1
  0
DICTIONARYVAR
  5
343
102
{ACAD_REACTORS
330
341
102
}
330
341
100
DictionaryVariables
280
     0
  1
STANDARD
  0
DICTIONARYVAR
  5
342
102
{ACAD_REACTORS
330
341
102
}
330
341
100
DictionaryVariables
280
     0
  1
STANDARD
  0
DICTIONARYVAR
  5
344
102
{ACAD_REACTORS
330
341
102
}
330
341
100
DictionaryVariables
280
     0
  1
Imperial24
  0
DICTIONARYVAR
  5
345
102
{ACAD_REACTORS
330
341
102
}
330
341
100
DictionaryVariables
280
     0
  1
Imperial24
  0
DICTIONARY
  5
34C
330
6B
100
AcDbDictionary
280
     1
281
     1
  3
ACAD_XREC_ROUNDTRIP
360
34D
  0
DICTIONARY
  5
1A
330
19
100
AcDbDictionary
280
     1
281
     1
  3
BUMPTILE
360
1C
  3
DIFFUSETILE
360
1B
  3
OPACITYTILE
360
1F
  3
REFLECTIONTILE
360
1E
  3
REFRACTIONTILE
360
20
  3
SPECULARTILE
360
1D
  0
DICTIONARY
  5
12
330
11
100
AcDbDictionary
280
     1
281
     1
  3
BUMPTILE
360
14
  3
DIFFUSETILE
360
13
  3
OPACITYTILE
360
17
  3
REFLECTIONTILE
360
16
  3
REFRACTIONTILE
360
18
  3
SPECULARTILE
360
15
  0
DICTIONARY
  5
22
330
21
100
AcDbDictionary
280
     1
281
     1
  3
BUMPTILE
360
24
  3
DIFFUSETILE
360
23
  3
OPACITYTILE
360
27
  3
REFLECTIONTILE
360
26
  3
REFRACTIONTILE
360
28
  3
SPECULARTILE
360
25
  0
DICTIONARY
  5
34A
330
69
100
AcDbDictionary
280
     1
281
     1
  3
ACAD_XREC_ROUNDTRIP
360
34B
  0
DICTIONARY
  5
347
330
65
100
AcDbDictionary
280
     1
281
     1
  3
ACAD_ROUNDTRIP_2008_TABLESTYLE_CELLSTYLEMAP
360
348
  0
XRECORD
  5
34D
102
{ACAD_REACTORS
330
34C
102
}
330
34C
100
AcDbXrecord
280
     1
102
DISPLAYNAME
  1
Imperial24
102
FLAGS
 90
        0
  0
XRECORD
  5
1C
102
{ACAD_REACTORS
330
1A
102
}
330
1A
100
AcDbXrecord
280
     1
270
     1
271
     1
  0
XRECORD
  5
1B
102
{ACAD_REACTORS
330
1A
102
}
330
1A
100
AcDbXrecord
280
     1
270
     1
271
     1
  0
XRECORD
  5
1F
102
{ACAD_REACTORS
330
1A
102
}
330
1A
100
AcDbXrecord
280
     1
270
     1
271
     1
  0
XRECORD
  5
1E
102
{ACAD_REACTORS
330
1A
102
}
330
1A
100
AcDbXrecord
280
     1
270
     1
271
     1
  0
XRECORD
  5
20
102
{ACAD_REACTORS
330
1A
102
}
330
1A
100
AcDbXrecord
280
     1
270
     1
271
     1
  0
XRECORD
  5
1D
102
{ACAD_REACTORS
330
1A
102
}
330
1A
100
AcDbXrecord
280
     1
270
     1
271
     1
  0
XRECORD
  5
14
102
{ACAD_REACTORS
330
12
102
}
330
12
100
AcDbXrecord
280
     1
270
     1
271
     1
  0
XRECORD
  5
13
102
{ACAD_REACTORS
330
12
102
}
330
12
100
AcDbXrecord
280
     1
270
     1
271
     1
  0
XRECORD
  5
17
102
{ACAD_REACTORS
330
12
102
}
330
12
100
AcDbXrecord
280
     1
270
     1
271
     1
  0
XRECORD
  5
16
102
{ACAD_REACTORS
330
12
102
}
330
12
100
AcDbXrecord
280
     1
270
     1
271
     1
  0
XRECORD
  5
18
102
{ACAD_REACTORS
330
12
102
}
330
12
100
AcDbXrecord
280
     1
270
     1
271
     1
  0
XRECORD
  5
15
102
{ACAD_REACTORS
330
12
102
}
330
12
100
AcDbXrecord
280
     1
270
     1
271
     1
  0
XRECORD
  5
24
102
{ACAD_REACTORS
330
22
102
}
330
22
100
AcDbXrecord
280
     1
270
     1
271
     1
  0
XRECORD
  5
23
102
{ACAD_REACTORS
330
22
102
}
330
22
100
AcDbXrecord
280
     1
270
     1
271
     1
  0
XRECORD
  5
27
102
{ACAD_REACTORS
330
22
102
}
330
22
100
AcDbXrecord
280
     1
270
     1
271
     1
  0
XRECORD
  5
26
102
{ACAD_REACTORS
330
22
102
}
330
22
100
AcDbXrecord
280
     1
270
     1
271
     1
  0
XRECORD
  5
28
102
{ACAD_REACTORS
330
22
102
}
330
22
100
AcDbXrecord
280
     1
270
     1
271
     1
  0
XRECORD
  5
25
102
{ACAD_REACTORS
330
22
102
}
330
22
100
AcDbXrecord
280
     1
270
     1
271
     1
  0
XRECORD
  5
34B
102
{ACAD_REACTORS
330
34A
102
}
330
34A
100
AcDbXrecord
280
     1
102
DISPLAYNAME
  1
Imperial24
102
FLAGS
 90
        0
  0
CELLSTYLEMAP
  5
348
102
{ACAD_REACTORS
330
347
102
}
330
347
100
AcDbCellStyleMap
 90
        3
300
CELLSTYLE
  1
TABLEFORMAT_BEGIN
 90
        5
170
     1
 91
        0
 92
    32768
 62
   257
 93
        1
300
CONTENTFORMAT
  1
CONTENTFORMAT_BEGIN
 90
        0
 91
        0
 92
      512
 93
        0
300

 40
0.0
140
1.0
 94
        5
 62
     0
340
55
144
0.25
309
CONTENTFORMAT_END
171
     0
 94
        0
309
TABLEFORMAT_END
  1
CELLSTYLE_BEGIN
 90
        1
 91
        1
300
_TITLE
309
CELLSTYLE_END
300
CELLSTYLE
  1
TABLEFORMAT_BEGIN
 90
        5
170
     1
 91
        0
 92
        0
 62
   257
 93
        1
300
CONTENTFORMAT
  1
CONTENTFORMAT_BEGIN
 90
        0
 91
        0
 92
      512
 93
        0
300

 40
0.0
140
1.0
 94
        5
 62
     0
340
55
144
0.18
309
CONTENTFORMAT_END
171
     0
 94
        0
309
TABLEFORMAT_END
  1
CELLSTYLE_BEGIN
 90
        2
 91
        1
300
_HEADER
309
CELLSTYLE_END
300
CELLSTYLE
  1
TABLEFORMAT_BEGIN
 90
        5
170
     1
 91
        0
 92
        0
 62
   257
 93
        1
300
CONTENTFORMAT
  1
CONTENTFORMAT_BEGIN
 90
        0
 91
        0
 92
      512
 93
        0
300

 40
0.0
140
1.0
 94
        2
 62
     0
340
55
144
0.18
309
CONTENTFORMAT_END
171
     0
 94
        0
309
TABLEFORMAT_END
  1
CELLSTYLE_BEGIN
 90
        3
 91
        2
300
_DATA
309
CELLSTYLE_END
  0
ENDSEC
  0
EOF
